Name,Team,GS,IP,TBF,K%,PlayerId,MLBAMID
"Guillermo Zuñiga","STL",0,1,3,0.66666667,19588,670871
"Justin Wilson","CIN",0,3.2,13,0.53846154,4301,458677
"Edwin Díaz","NYM",0,62,235,0.50212766,14710,621242
"Ryder Ryan","SEA",0,1,4,0.5,19891,656924
"Alek Jacob","SDP",0,3,10,0.5,29628,689690
"Locke St. John","CHC",0,2,9,0.44444444,16850,657766
"Jacob deGrom","- - -",17,94.2,354,0.41525424,10954,594798
"Félix Bautista","BAL",0,123,479,0.4091858,20666,642585
"Geoff Hartlieb","MIA",0,1,5,0.4,19558,664129
"Devin Williams","MIL",0,107,423,0.39243499,15816,642207
"Angel Perdomo","PIT",0,28.1,111,0.38738739,17759,622780
"Spencer Strider","ATL",44,271,1100,0.38090909,27498,675911
"Josh Hader","- - -",0,91.2,384,0.375,14212,623352
"Alex Wells","BAL",0,3.2,16,0.375,19845,649144
"José Alvarado","PHI",0,77,321,0.37383178,17780,621237
"Ryan Helsley","STL",0,89.2,342,0.37134503,18138,664854
"Aroldis Chapman","- - -",0,80.2,342,0.36842105,10233,547973
"Andrés Muñoz","SEA",0,97.1,386,0.3626943,20373,662253
"Pete Fairbanks","TBR",0,51.2,199,0.36180905,17998,664126
"James Karinchak","CLE",0,66.2,278,0.35971223,20151,675916
"Brock Stewart","MIN",0,25.2,99,0.35353535,16727,592779
"Sean Doolittle","WSN",0,5.1,17,0.35294118,1581,448281
"Blake Treinen","LAD",0,5,17,0.35294118,12572,595014
"Bryan Abreu","HOU",0,116.1,479,0.35281837,16609,650556
"Tyler Glasnow","TBR",15,81.1,327,0.34556575,14374,607192
"Liam Hendriks","CHW",0,62.2,255,0.34509804,3548,521230
"Fernando Cruz","CIN",2,62.2,268,0.3358209,7048,518585
"Josh Sborz","TEX",1,67,275,0.33454545,18323,622250
"Ken Giles","SEA",0,4.1,18,0.33333333,12910,571704
"Franmil Reyes","CHC",0,1,3,0.33333333,14566,614177
"Jake Walsh","STL",0,2.2,15,0.33333333,20227,673904
"Alex Speas","TEX",0,2,12,0.33333333,21859,666208
"Edgar Navarro","CHW",0,3,15,0.33333333,24363,679346
"Alexis Díaz","CIN",0,116.1,469,0.3326226,21132,664747
"Alex Vesia","LAD",1,88,383,0.33159269,25007,681911
"Tanner Scott","MIA",0,118.2,516,0.33139535,17586,656945
"Jhoan Duran","MIN",0,114.1,459,0.33115468,21029,661395
"A.J. Minter","ATL",0,118,461,0.329718,18655,621345
"DL Hall","BAL",1,16.2,79,0.32911392,22207,669084
"Garrett Cleavinger","- - -",0,35,140,0.32857143,17897,664076
"José Soriano","LAA",0,27,122,0.32786885,22100,667755
"Trevor Richards","TOR",7,118.1,506,0.32608696,19309,670950
"Matt Brash","SEA",5,101.2,448,0.32589286,25756,666374
"Luke Jackson","SFG",0,18,77,0.32467532,11752,592426
"Shohei Ohtani","LAA",50,296.2,1186,0.3237774,19755,660271
"Joe Kelly","- - -",1,69.2,312,0.32371795,9761,523260
"Caleb Thielbar","MIN",0,76,306,0.32352941,10078,573204
"Paul Sewald","- - -",0,111,431,0.32018561,13892,623149
"Zach Jackson","OAK",0,66,282,0.31914894,19493,667427
"Darren McCaughan","SEA",0,4,22,0.31818182,20038,670766
"Carlos Vargas","ARI",0,4.2,22,0.31818182,22915,672841
"Joe Jiménez","- - -",0,99.2,412,0.31796117,15761,641729
"Evan Phillips","LAD",0,108,401,0.31670823,17734,623465
"Raisel Iglesias","- - -",0,98.2,398,0.31658291,17130,628452
"Blake Snell","SDP",48,258,1081,0.31637373,13543,605483
"Pierce Johnson","- - -",0,62.2,288,0.31597222,13435,572955
"Bryce Montes de Oca","NYM",0,3.1,19,0.31578947,21319,656755
"Daniel Hudson","LAD",0,27.1,111,0.31531532,7146,543339
"Carlos Rodón","- - -",37,205,832,0.31490385,16137,607074
"Andrew Bellatti","PHI",1,70.1,303,0.31353135,10657,571479
"Josh Taylor","KCR",1,17.2,83,0.31325301,17359,657031
"Cam Vieaux","PIT",0,8.2,48,0.3125,19529,664944
"Kenley Jansen","- - -",0,104.1,426,0.31220657,3096,445276
"Erik Swanson","- - -",1,108,420,0.31190476,16587,657024
"Ryan Pressly","HOU",0,100.2,388,0.31185567,7005,519151
"Andrew Nardi","MIA",0,55.1,247,0.31174089,25942,677053
"David Bednar","PIT",0,101.1,414,0.3115942,19569,670280
"Hunter Greene","CIN",38,199,849,0.31095406,22182,668881
"Zack Weiss","LAA",0,18.2,81,0.30864198,15444,592848
"Michael Feliz","BOS",0,3.1,13,0.30769231,11903,593140
"Brandon Woodruff","MIL",31,176,705,0.30638298,16162,605540
"Tommy Kahnle","- - -",0,40,157,0.30573248,11384,592454
"Michael King","NYY",1,112.1,458,0.30567686,19853,650633
"Craig Kimbrel","- - -",0,111,462,0.30519481,6655,518886
"Jason Adam","TBR",0,111.1,436,0.30504587,11861,592094
"Anthony Gose","CLE",0,21,92,0.30434783,5097,543238
"Allan Winans","ATL",2,11.1,46,0.30434783,21238,642216
"Camilo Doval","SFG",0,121,501,0.30339321,21992,666808
"Steven Okert","MIA",1,96.1,400,0.3025,13580,595345
"Taylor Rogers","- - -",0,105.2,443,0.30248307,13449,573124
"Kevin Gausman","TOR",54,313.2,1288,0.30124224,14107,592332
"Shelby Miller","- - -",0,37,150,0.3,10197,571946
"Daysbel Hernández","ATL",0,3.2,20,0.3,20271,678226
"Taj Bradley","TBR",16,74.2,330,0.3,22543,671737
"Gerrit Cole","NYY",58,357,1416,0.29872881,13125,543037
"Alex Lange","DET",0,109.1,477,0.29769392,19883,656638
"Adbert Alzolay","CHC",0,67,259,0.2972973,17859,640470
"Jeremy Beasley","TOR",0,15,64,0.296875,20205,676886
"Angel Felipe","OAK",0,15,64,0.296875,21163,665734
"Marcos Diplán","BAL",0,5.2,27,0.2962963,17583,650959
"Matt Strahm","- - -",9,115.1,476,0.29621849,13799,621381
"Max Scherzer","- - -",45,273,1083,0.29547553,3137,453286
"Tyler Cyr","- - -",0,15,61,0.29508197,18421,664202
"Hector Neris","HOU",0,115,465,0.29462366,11804,593576
"Jose Hernandez","PIT",0,36.2,153,0.29411765,22318,669796
"Matt Festa","SEA",0,63,262,0.29389313,19330,670036
"Nick Lodolo","CIN",26,137.2,607,0.29324547,26378,666157
"Jovani Moran","MIN",0,83,348,0.29310345,20422,663558
"David Robertson","- - -",0,113.2,461,0.29284165,8241,502085
"Andrew Chafin","- - -",0,95.2,410,0.29268293,12988,605177
"Ron Marinaccio","NYY",0,90.1,380,0.29210526,23488,676760
"Pedro Avila","SDP",1,22.1,96,0.29166667,18864,658648
"Tommy Nance","MIA",2,43.2,196,0.29081633,19178,667297
"J.P. Feyereisen","TBR",2,24.1,86,0.29069767,16610,656420
"A.J. Puk","- - -",0,105.2,451,0.29046563,19343,640462
"Jesús Luzardo","MIA",42,234,956,0.28974895,19959,666200
"Kirby Yates","ATL",0,53,225,0.28888889,9073,489446
"Brent Headrick","MIN",0,20.1,90,0.28888889,27702,687396
"Robert Suarez","SDP",0,58,232,0.2887931,30115,663158
"Jordan Romano","TOR",0,107,437,0.28832952,16122,605447
"Dylan Cease","CHW",57,317.1,1333,0.28807202,18525,656302
"Kyle Crick","CHW",0,15.2,66,0.28787879,13182,605195
"Kenta Maeda","MIN",13,65.2,264,0.28787879,18498,628317
"Matt Bush","- - -",6,70,292,0.28767123,1246,456713
"John Schreiber","BOS",2,91.1,365,0.28767123,20020,670167
"Andrew Heaney","- - -",37,187,798,0.28696742,15423,571760
"Dylan Lee","ATL",1,71,286,0.28671329,19996,669276
"Eury Pérez","MIA",13,62,255,0.28627451,27768,691587
"Chris Sale","BOS",14,69.1,290,0.2862069,10603,519242
"Mark Leiter Jr.","CHC",4,119,490,0.28571429,15551,643410
"Thomas Pannone","MIL",0,2.2,14,0.28571429,17281,623381
"José Quijada","LAA",0,49.2,210,0.28571429,19200,650671
"Michel Baez","SDP",0,2,7,0.28571429,20100,673258
"Luis Castillo","DET",0,3.2,14,0.28571429,20638,622379
"Freddy Peralta","MIL",40,206,851,0.28554642,18679,642547
"Chris Martin","- - -",0,96.1,382,0.28534031,11847,455119
"Hunter Harvey","WSN",0,80.2,319,0.28526646,15507,640451
"Scott McGough","ARI",0,56.2,242,0.28512397,12056,543518
"Kodai Senga","NYM",22,122.2,524,0.28435115,31838,673540
"Trevor Stephan","CLE",0,116,486,0.28395062,19932,663986
"Shane McClanahan","TBR",49,281.1,1110,0.28378378,21483,663556
"Brandon Hughes","CHC",0,71.1,302,0.28145695,23460,676714
"Tanner Rainey","WSN",0,30,128,0.28125,17610,663432
"Dauri Moreta","- - -",1,86.2,363,0.28099174,21101,664294
"Corbin Burnes","MIL",57,347,1388,0.28025937,19361,669203
"Giovanny Gallegos","STL",0,107,430,0.27906977,14986,606149
"Penn Murfee","SEA",1,83.1,330,0.27878788,25174,682171
"Cristian Javier","HOU",48,271,1098,0.27868852,17606,664299
"Jeffrey Springs","TBR",28,151.1,604,0.2781457,17677,605488
"Abner Uribe","MIL",0,14.1,54,0.27777778,25327,682842
"Drew Smith","NYM",0,86.2,364,0.27747253,17755,622098
"Keynan Middleton","- - -",0,60,249,0.27710843,15264,641871
"Luis Castillo","- - -",49,293.2,1192,0.27684564,15689,622491
"Darren O'Day","ATL",0,21.2,94,0.27659574,3321,503285
"Lucas Erceg","OAK",0,35.1,170,0.27647059,19360,668674
"Tyler Kinley","COL",0,28.2,123,0.27642276,18297,641755
"Clayton Kershaw","LAD",39,226.2,890,0.27640449,2036,477132
"Emilio Pagán","MIN",0,114.2,479,0.27557411,14771,641941
"Jake Diekman","- - -",0,97.2,452,0.27433628,5003,518617
"Aaron Nola","PHI",56,353.1,1415,0.27420495,16149,605400
"Reynaldo López","- - -",1,114.1,460,0.27391304,16400,625643
"James Paxton","BOS",15,80.1,329,0.27355623,11828,572020
"Matt Moore","- - -",0,112,451,0.27272727,1890,519043
"JoJo Romero","- - -",0,46.1,187,0.27272727,19574,668941
"Bryce Jarvis","ARI",0,3,11,0.27272727,27477,686826
"Bryan Baker","BAL",2,111.2,466,0.27253219,19804,641329
"Jeff Hoffman","- - -",1,79.1,339,0.27138643,17432,656546
"Lucas Sims","CIN",0,51.2,225,0.27111111,13470,608371
"Jeff Brigham","- - -",0,53.2,225,0.27111111,16631,656257
"Robbie Ray","SEA",33,192.1,794,0.27078086,11486,592662
"Scott Effross","- - -",1,56.2,229,0.27074236,18384,664123
"Andrew Abbott","CIN",13,76.1,307,0.27035831,29911,671096
"Nick Mears","- - -",0,9,37,0.27027027,25376,683232
"Aaron Bummer","CHW",0,71,315,0.26984127,16258,607481
"Ryan Walker","SFG",9,43.1,178,0.26966292,20423,676254
"Jake Cousins","MIL",0,22.2,104,0.26923077,21620,664776
"Jesse Chavez","- - -",2,98.1,409,0.26894866,5448,445926
"Danny Coulombe","- - -",0,51.1,212,0.26886792,13293,543056
"Joe Ryan","MIN",49,273,1127,0.26885537,21390,657746
"Robert Stephenson","- - -",0,95.2,398,0.26884422,13594,596112
"Thomas Szapucki","- - -",1,15,67,0.26865672,21065,663378
"Julian Merryweather","- - -",1,80,350,0.26857143,16703,657240
"Zack Wheeler","PHI",50,297,1203,0.26849543,10310,554430
"Lou Trivino","- - -",0,53.2,250,0.268,15043,642152
"Zac Gallen","ARI",56,339.2,1334,0.26761619,19291,668678
"Edward Cabrera","MIA",31,148.2,628,0.26751592,21690,665795
"Adam Ottavino","NYM",0,113.2,460,0.2673913,1247,493603
"Jordan Hicks","- - -",8,109.2,479,0.26722338,19618,663855
"Austin Adams","- - -",0,19.2,90,0.26666667,13801,613534
"Nick Burdi","CHC",0,3,15,0.26666667,16074,595897
"Hunter Brown","HOU",24,145.2,601,0.26622296,25880,686613
"Clay Holmes","NYY",0,109.2,451,0.26607539,13649,605280
"Joely Rodríguez","- - -",0,61.1,267,0.2659176,11487,570257
"Gavin Williams","CLE",10,54.2,222,0.26576577,30122,668909
"Caleb Ferguson","LAD",2,79,339,0.26548673,19349,657571
"Trevor Megill","- - -",0,62.2,275,0.26545455,17722,656730
"Aaron Ashby","MIL",19,107.1,475,0.26526316,23550,676879
"Sam Moll","- - -",1,87.2,381,0.26509186,14874,594580
"Jay Jackson","- - -",0,22,83,0.26506024,7432,543351
"Brooks Raley","- - -",0,95,400,0.265,10061,548384
"Pablo López","- - -",56,327.2,1336,0.26497006,17085,641154
"Sam Hentges","CLE",0,94.1,389,0.26478149,18548,656529
"Anderson Severino","CHW",0,7.1,34,0.26470588,20582,644429
"Ian Hamilton","- - -",3,46,189,0.26455026,19261,641656
"Eli Morgan","CLE",1,114.1,469,0.26439232,20203,669212
"José Leclerc","TEX",0,84,348,0.26436782,14524,600917
"Tim Herrin","CLE",0,24.1,106,0.26415094,25139,682120
"Robert Dugger","- - -",1,16,72,0.26388889,19191,667498
"Phil Bickford","- - -",0,110,470,0.26382979,18519,641360
"Rafael Montero","HOU",0,118.1,490,0.26326531,12760,606160
"Luis Gil","NYY",1,4,19,0.26315789,21052,661563
"Sammy Peralta","CHW",0,4.1,19,0.26315789,25589,671111
"Charlie Morton","ATL",54,300.2,1296,0.26311728,4676,450203
"Ryan Pepiot","LAD",7,36.1,160,0.2625,26221,686752
"David Peterson","NYM",33,178.1,781,0.26248399,20302,656849
"Lucas Gilbreath","COL",0,43,187,0.26203209,21290,656458
"Dinelson Lamet","- - -",4,60,294,0.26190476,17186,659275
"Shawn Dubin","HOU",1,9,42,0.26190476,24977,681869
"Triston McKenzie","CLE",32,201.1,783,0.26181354,18000,663474
"Scott Barlow","- - -",0,120.2,501,0.26147705,14993,605130
"Jacob Webb","- - -",0,35.2,153,0.26143791,19274,657097
"Nestor Cortes","NYY",40,221.2,881,0.26106697,17874,641482
"Jordan Weems","WSN",0,77,318,0.26100629,13190,607179
"Phil Maton","HOU",0,119,502,0.26095618,18064,664208
"Seranthony Domínguez","PHI",0,85,368,0.26086957,19249,622554
"Cade Cavalli","WSN",1,4.1,23,0.26086957,27473,676917
"Yusei Kikuchi","TOR",44,229,984,0.2601626,20633,579328
"Ryne Stanek","HOU",0,95,396,0.26010101,15947,592773
"Matt Gage","- - -",0,19.2,77,0.25974026,17381,657424
"Lance Lynn","- - -",45,259.1,1117,0.25962399,2520,458681
"Shawn Armstrong","- - -",7,95,397,0.25944584,12857,542888
"Jeremiah Estrada","CHC",0,16.1,81,0.25925926,22210,669093
"Colin Selby","PIT",0,5,27,0.25925926,24986,681882
"Mychal Givens","- - -",1,65.1,282,0.25886525,10430,571710
"James Norwood","PHI",0,17.1,85,0.25882353,16440,656803
"Mason Miller","OAK",4,21.1,85,0.25882353,31757,695243
"Jalen Beeks","TBR",15,100.1,429,0.25874126,17192,656222
"José Marte","LAA",0,11,58,0.25862069,21761,665896
"Bryan Woo","SEA",11,55,232,0.25862069,30279,693433
"Chad Green","NYY",0,15,62,0.25806452,15552,643338
"Emmanuel Clase","CLE",0,127,500,0.258,21032,661403
"Steve Cishek","WSN",0,66.1,287,0.25783972,6483,518553
"Jimmy Cordero","NYY",1,32.2,132,0.25757576,15690,622772
"Kyle Finnegan","WSN",0,117.2,470,0.25744681,15009,640448
"Brennan Bernardino","- - -",6,42,175,0.25714286,16835,657514
"Enyel De Los Santos","CLE",0,103.2,413,0.2566586,18403,660853
"Lance McCullers Jr.","HOU",8,47.2,195,0.25641026,14120,621121
"Shane Baz","TBR",6,27,117,0.25641026,22264,669358
"Griffin Canning","LAA",16,88.1,375,0.256,19867,656288
"Trey Wingenter","DET",0,9,43,0.25581395,17793,622259
"Huascar Brazoban","MIA",0,88.2,391,0.25575448,6107,623211
"Nick Anderson","ATL",0,35.1,141,0.25531915,18337,623433
"Daniel Norris","- - -",3,68,294,0.25510204,13475,596057
"Nick Sandlin","CLE",0,88.1,353,0.25495751,20517,680704
"Isaiah Campbell","SEA",0,11.2,51,0.25490196,25551,663462
"Will Smith","- - -",0,103,428,0.2546729,8048,519293
"Tyler Mahle","- - -",28,146.1,605,0.25454545,16358,641816
"MacKenzie Gore","- - -",36,187,810,0.25432099,22201,669022
"Danny Young","- - -",0,14.2,67,0.25373134,18439,664849
"Anthony Bass","- - -",0,90.1,363,0.25344353,7982,542914
"Peter Strzelecki","MIL",0,70.2,304,0.25328947,21367,657265
"Josh Staumont","KCR",1,57.2,265,0.25283019,18335,622251
"José Cisnero","DET",0,70,305,0.25245902,6399,542585
"Yu Darvish","SDP",52,322,1301,0.25211376,13074,506433
"Tarik Skubal","DET",28,150,607,0.25205931,22267,669373
"Griffin Jax","MIN",0,121,492,0.25203252,20253,643377
"Daniel Bard","COL",0,102.1,429,0.25174825,7115,453268
"Nick Pivetta","BOS",44,281.1,1200,0.25166667,15454,601713
"Kyle Nelson","ARI",2,79.2,330,0.25151515,20515,669459
"Lucas Giolito","- - -",55,303.2,1302,0.25115207,15474,608337
"Carlos Estévez","- - -",0,104.1,446,0.25112108,14542,608032
"Justin Verlander","- - -",46,282.1,1105,0.25067873,8700,434378
"Yimi García","TOR",0,111.1,463,0.25053996,12095,554340
"Reid Detmers","LAA",46,236.2,1010,0.25049505,27468,672282
"Sean Manaea","- - -",34,239,1018,0.25049116,15873,640455
"Greg Holland","TEX",0,4.2,20,0.25,7196,518813
"Ehire Adrianza","WSN",0,1,4,0.25,8418,501303
"Amir Garrett","KCR",0,69.2,308,0.25,14375,607237
"Wander Suero","LAD",0,6.2,28,0.25,15855,593833
"Daniel Mengden","KCR",1,7,32,0.25,16980,596043
"Zack Burdi","TBR",0,4,20,0.25,19159,641420
"Richard Lovelady","OAK",0,23.1,96,0.25,19337,663992
"Jhon Romero","MIN",0,5,24,0.25,19940,664584
"Mauricio Llovera","- - -",1,27.1,128,0.25,20080,661440
"Nick Duron","PHI",0,1,4,0.25,21092,663975
"Josh Walker","NYM",0,10,48,0.25,23617,677020
"William Woods","ATL",0,2,8,0.25,25075,682016
"Cam Alldred","PIT",0,1,4,0.25,25078,682027
"Steven Wilson","SDP",1,102.2,417,0.24940048,20353,621051
"Zack Thompson","STL",2,59.2,245,0.24897959,25918,668868
"Justin Lawrence","COL",0,102,438,0.24885845,17639,664875
"Ian Gibaut","- - -",0,93.1,398,0.24874372,17871,664139
"George Soriano","MIA",1,34.2,149,0.24832215,21863,666277
"Luis Garcia","HOU",34,184.1,758,0.24802111,23735,677651
"Garrett Whitlock","BOS",19,132,534,0.24719101,20191,676477
"Grayson Rodriguez","BAL",16,81,348,0.24712644,24492,680570
"Ray Kerr","SDP",0,19.1,85,0.24705882,23809,678061
"Joe Musgrove","SDP",47,278.1,1139,0.24670764,12970,605397
"Andrew Wantz","LAA",1,74,300,0.24666667,24933,681806
"Brock Burke","TEX",0,129.1,519,0.24662813,17968,656271
"Buck Farmer","CIN",0,102.1,426,0.24647887,14814,571656
"Brendan White","DET",1,31.1,134,0.24626866,26024,686839
"Luis García","SDP",0,103.2,455,0.24615385,6984,472610
"Braxton Garrett","MIA",40,210,880,0.24545455,21844,666129
"Juan Minaya","MIN",0,9.2,45,0.24444444,10341,573668
"Cole Sulser","- - -",0,39.1,172,0.24418605,15256,642121
"Sonny Gray","MIN",48,256,1055,0.2436019,12768,543243
"Parker Mushinski","HOU",0,18.1,78,0.24358974,21324,656786
"Kevin Ginkel","ARI",0,77.1,308,0.24350649,19876,656464
"Brad Boxberger","- - -",0,78.2,333,0.24324324,10133,502202
"Michael Fulmer","- - -",1,116,490,0.24285714,13218,605242
"José De León","MIN",1,17.1,70,0.24285714,15463,592254
"Dominic Leone","- - -",0,86.2,379,0.24274406,13763,608678
"Austin Davis","- - -",3,56,264,0.24242424,17117,656354
"Art Warren","CIN",0,36,165,0.24242424,18251,605521
"Colin Holderman","- - -",0,70.1,297,0.24242424,22361,670059
"Gabe Speier","- - -",1,59,227,0.24229075,17170,642100
"Julio Urías","LAD",49,274.1,1095,0.24200913,14765,628711
"Cody Morris","CLE",5,27.2,120,0.24166667,25388,663752
"Matthew Boyd","- - -",15,84.1,356,0.24157303,15440,571510
"Chasen Shreve","- - -",0,67.2,294,0.2414966,10855,592741
"Trevor Gott","- - -",0,88.2,377,0.24137931,15046,641627
"Michael Plassmeyer","PHI",0,7.1,29,0.24137931,23191,674681
"Connor Brogdon","PHI",1,73,315,0.24126984,21205,641401
"Nate Pearson","TOR",0,40,170,0.24117647,20160,663878
"Seth Martinez","HOU",0,79.1,340,0.24117647,21045,661527
"Seth Lugo","- - -",18,162.1,677,0.24076809,12447,607625
"Dylan Coleman","KCR",1,84.2,374,0.24064171,22276,669395
"Colin Poche","TBR",0,102,424,0.24056604,19403,621363
"Andre Jackson","- - -",1,36,154,0.24025974,21298,656578
"Sean Hjelle","SFG",0,42.1,204,0.24019608,21481,663546
"Manny Bañuelos","- - -",0,41,175,0.24,5365,544365
"Sam Selman","OAK",0,18.1,75,0.24,13397,572125
"Brooks Kriske","KCR",0,6.2,25,0.24,21189,621139
"Framber Valdez","HOU",54,351,1429,0.2393282,17295,664285
"Yency Almonte","LAD",0,83.1,343,0.23906706,15068,622075
"Bailey Ober","MIN",31,169.2,687,0.23871907,21224,641927
"Raynel Espinal","CIN",0,4.2,21,0.23809524,19516,642659
"Ben Joyce","LAA",0,4,21,0.23809524,31461,690829
"Joe Mantiply","ARI",1,81,328,0.23780488,14857,573009
"Justin Steele","CHC",46,245,1035,0.23768116,17312,657006
"George Kirby","SEA",48,274.2,1111,0.23762376,25436,669923
"Noé Ramirez","ARI",0,50,215,0.2372093,12800,598287
"Logan Gilbert","SEA",56,327.2,1337,0.23709798,22250,669302
"Jimmy Yacabonis","- - -",1,27.2,135,0.23703704,15157,642231
"Will Vest","DET",5,94,401,0.23690773,19769,676684
"Jake Brentz","KCR",0,5.1,38,0.23684211,17783,641394
"Ryan Hendrix","CIN",0,8.1,38,0.23684211,19535,641682
"Ethan Roberts","CHC",0,7.2,38,0.23684211,24930,681799
"Taylor Clarke","KCR",1,95,410,0.23658537,17611,664199
"Kutter Crawford","BOS",27,167.1,702,0.23646724,20531,676710
"Bryce Miller","SEA",17,91.1,368,0.23641304,29837,682243
"Tim Mayza","TOR",0,90.1,356,0.23595506,15042,641835
"Keegan Akin","BAL",2,105.1,441,0.23582766,19362,669211
"Merrill Kelly","ARI",54,324.1,1308,0.23547401,11156,518876
"Zach Eflin","- - -",36,208,837,0.2353644,13774,621107
"David Phelps","TOR",1,63.2,272,0.23529412,6316,475479
"Víctor Arano","WSN",0,42,187,0.23529412,15915,644364
"Matt Swarmer","CHC",5,34,153,0.23529412,19705,664161
"Nick Robertson","- - -",0,14.1,68,0.23529412,26226,687798
"Ethan Small","MIL",2,9.1,51,0.23529412,26364,663629
"Tanner Bibee","CLE",19,108.2,451,0.23503326,30134,676440
"Luis Severino","NYY",33,169.2,737,0.23473541,15890,622663
"Rowan Wick","CHC",0,64,294,0.23469388,14646,592858
"Chris Murphy","BOS",0,33.2,145,0.23448276,26214,669684
"Touki Toussaint","- - -",10,75.2,329,0.23404255,16929,657053
"Frankie Montas","- - -",27,144.1,608,0.23355263,14309,593423
"Eric Lauer","MIL",37,201.1,848,0.23349057,19316,641778
"Kyle Wright","ATL",35,199,831,0.23345367,19665,657140
"Chris Stratton","- - -",1,127.1,536,0.23320896,13761,608717
"Jon Gray","TEX",45,248,1012,0.23320158,14916,592351
"Rony García","DET",8,51,206,0.23300971,20430,665621
"Gavin Hollowell","COL",0,22.1,103,0.23300971,25427,668970
"Reyes Moronta","- - -",0,39,172,0.23255814,14966,606625
"Chase Silseth","LAA",12,70,301,0.23255814,30074,681217
"Max Fried","ATL",38,227.1,900,0.23222222,13743,608331
"Jakob Junis","SFG",19,180,771,0.23216602,13619,596001
"Ronel Blanco","HOU",7,56.1,250,0.232,19407,669854
"Domingo Germán","NYY",33,181,742,0.23180593,17149,593334
"Steven Matz","STL",27,153,656,0.23170732,13361,571927
"Reese Olson","DET",10,60.2,251,0.2310757,24968,681857
"Yennier Cano","- - -",0,74.2,316,0.23101266,25911,666974
"Kendall Graveman","- - -",0,115.2,498,0.23092369,15514,608665
"Parker Markel","OAK",0,3,13,0.23076923,12106,571917
"Kyle Barraclough","- - -",0,12.1,52,0.23076923,13713,607457
"Cody Stashak","MIN",0,16.1,65,0.23076923,18088,664054
"Jared Solomon","CIN",0,8.1,39,0.23076923,23425,676660
"Max Meyer","MIA",2,6,26,0.23076923,27474,676974
"Jose Cuas","- - -",1,85,395,0.23037975,17701,621016
"Hoby Milner","MIL",0,113.1,465,0.23010753,13346,571948
"Gregory Soto","- - -",0,105,452,0.2300885,19677,642397
"Albert Abreu","- - -",0,89.2,400,0.23,17485,656061
"Jimmy Lambert","CHW",3,76.1,344,0.22965116,19541,669424
"Ryan Brasier","- - -",0,105.2,440,0.22954545,5615,518489
"Ross Detwiler","CIN",0,26.1,122,0.2295082,2859,446321
"Paul Fry","- - -",0,13,61,0.2295082,15832,643316
"Shintaro Fujinami","- - -",7,60.2,279,0.22939068,31839,660261
"Lucas Luetge","- - -",0,69,310,0.22903226,8337,476595
"Logan Allen","CLE",18,97.1,415,0.22891566,27589,671106
"Shane Bieber","CLE",50,317,1280,0.22890625,19427,669456
"Alec Marsh","KCR",6,33,153,0.22875817,27451,679525
"Gregory Santos","- - -",0,60.2,258,0.22868217,21894,666619
"Yerry Rodríguez","TEX",1,14.2,70,0.22857143,21955,666720
"Oliver Ortega","- - -",0,48,206,0.22815534,21025,661383
"Diego Castillo","SEA",0,63,263,0.22813688,17496,650895
"Nathan Eovaldi","- - -",39,233,939,0.22790202,9132,543135
"Greg Weissert","NYY",0,18,79,0.2278481,20375,669711
"Packy Naughton","STL",3,37,158,0.2278481,23292,676050
"JT Brubaker","PIT",28,144,646,0.22755418,17578,664141
"Eric Stout","- - -",0,22.1,110,0.22727273,16873,657770
"Joel Payamps","- - -",0,111,454,0.22687225,14332,606303
"Alex Cobb","SFG",50,271.1,1151,0.22675934,6562,502171
"José Ruiz","- - -",1,105,472,0.22669492,14552,614179
"Collin McHugh","ATL",1,120,499,0.22645291,7531,543521
"Drew Rasmussen","TBR",36,190.2,761,0.2260184,25385,656876
"Clarke Schmidt","NYY",27,175,749,0.22563418,19899,657376
"Tanner Houck","BOS",17,127.2,532,0.22556391,19879,656557
"Nick Nelson","PHI",2,68.2,306,0.2254902,20153,656793
"Mitch Keller","PIT",54,308.2,1327,0.22532027,17594,656605
"Jandel Gustave","MIL",0,28,120,0.225,14665,594311
"Trevor Rogers","MIA",27,125,556,0.22482014,22286,669432
"Bobby Miller","LAD",14,75.1,312,0.22435897,27483,676272
"Drey Jameson","ARI",7,65,272,0.22426471,26260,686753
"Kyle Bradish","BAL",45,239.1,1004,0.22410359,24586,680694
"Dylan Floro","- - -",0,98.2,415,0.22409639,13394,571670
"Kolby Allard","- - -",3,33.1,143,0.22377622,18694,663465
"Logan Webb","SFG",57,355.1,1431,0.22361985,17995,657277
"Chris Bassitt","- - -",55,327.1,1360,0.22352941,12304,605135
"Anderson Espinoza","CHC",0,18.1,85,0.22352941,18593,659262
"Michael Kopech","CHW",47,231.1,990,0.22323232,17282,656629
"John Brebbia","SFG",19,96.2,404,0.22277228,12777,605154
"Sandy Alcantara","MIA",56,387,1536,0.22265625,18684,645261
"Michael Rucker","CHC",0,94,400,0.2225,19454,621074
"Sam Coonrod","- - -",0,13.2,63,0.22222222,17264,656322
"Declan Cronin","CHW",0,6,27,0.22222222,25645,686539
"David Price","LAD",0,40.1,167,0.22155689,3184,456034
"Cody Bradford","TEX",6,40,167,0.22155689,27597,674003
"Luis Medina","OAK",13,83,375,0.22133333,21649,665622
"Victor González","LAD",1,24.2,104,0.22115385,16408,624647
"Brady Singer","KCR",48,289,1203,0.22111388,25377,663903
"Andrew Vasquez","- - -",0,51,222,0.22072072,19482,607755
"Chad Smith","- - -",0,31.2,145,0.22068966,20190,663385
"Michael Kelly","- - -",0,16.2,68,0.22058824,12791,547184
"Freddy Tarnok","- - -",1,15.1,68,0.22058824,23324,676206
"Eduardo Rodriguez","DET",35,197.1,821,0.22046285,13164,593958
"Vince Velasquez","- - -",17,112.2,481,0.22037422,11189,592826
"Dennis Santana","- - -",1,67.1,295,0.22033898,17878,642701
"Miguel Castro","- - -",0,78,327,0.22018349,15684,612434
"Tyler Holton","- - -",1,68.2,268,0.22014925,26231,663947
"Jack Flaherty","- - -",31,159.2,718,0.22005571,17479,656427
"Daniel Palencia","CHC",0,12,50,0.22,27914,694037
"Jackson Kowar","KCR",0,27.1,141,0.21985816,21549,663804
"Josiah Gray","WSN",52,278.1,1219,0.21985234,24580,680686
"Nabil Crismatt","SDP",1,78.1,337,0.21958457,17732,622503
"Collin Wiles","OAK",0,9.2,41,0.2195122,15106,621079
"Nick Vespi","BAL",0,39,164,0.2195122,21093,663989
"Patrick Sandoval","LAA",48,261,1135,0.21938326,19447,663776
"Tom Cosgrove","SDP",0,34.1,137,0.2189781,23443,676680
"Jordan Montgomery","- - -",56,317.1,1307,0.21882173,16511,656756
"Ben Heller","ATL",0,14.1,64,0.21875,15100,621294
"Nicholas Padilla","- - -",0,6.1,32,0.21875,21327,656820
"Tony Gonsolin","LAD",43,230,911,0.21844127,19388,664062
"Ken Waldichuk","OAK",23,134,610,0.21803279,27681,686610
"Anthony Bender","MIA",0,19.1,78,0.21794872,19742,669622
"Michael Grove","LAD",18,93.1,418,0.21770335,23221,675627
"Matt Foster","CHW",0,45,193,0.21761658,19647,641582
"Stephen Strasburg","WSN",1,4.2,23,0.2173913,10131,544931
"Chris Devenski","- - -",0,48.1,207,0.2173913,12763,606965
"Alex Wood","SFG",37,202,872,0.21674312,13781,622072
"Jimmy Herget","LAA",1,85,337,0.21661721,17556,623474
"Huascar Ynoa","ATL",2,6.2,37,0.21621622,20468,660623
"Louie Varland","MIN",15,82,347,0.21613833,27691,686973
"Stephen Nogosek","NYM",0,47.2,213,0.21596244,19545,668665
"Bowden Francis","TOR",0,23.1,88,0.21590909,20548,670102
"Elieser Hernández","MIA",10,62.1,278,0.21582734,16933,622694
"Cristopher Sánchez","PHI",14,98.1,408,0.21568627,20778,650911
"Alek Manoah","TOR",50,284,1201,0.21565362,26410,666201
"Jonathan Hernández","TEX",0,52,232,0.21551724,17464,642546
"Jharel Cotton","- - -",0,43,181,0.21546961,13654,605194
"Trevor May","- - -",0,57,260,0.21538462,6398,543507
"Keegan Thompson","CHC",17,136.1,576,0.21527778,19795,624522
"Caleb Smith","ARI",1,70,302,0.21523179,14875,592761
"Tanner Banks","CHW",3,92,381,0.2152231,16990,621383
"Chris Paddack","MIN",5,22.1,93,0.21505376,20099,663978
"Brad Hand","- - -",0,85.2,377,0.21485411,9111,543272
"Jake Faria","BOS",0,2,14,0.21428571,13699,607188
"Jesus Tinoco","TEX",2,20.2,84,0.21428571,16300,622786
"Ryan Borucki","- - -",1,46.2,196,0.21428571,16350,621366
"Miguel Díaz","DET",0,3.2,14,0.21428571,18815,622766
"J.B. Bukauskas","- - -",0,3,14,0.21428571,20491,656266
"Kolton Ingram","LAA",0,2.1,14,0.21428571,26068,688427
"Nick Martinez","SDP",16,191.1,803,0.21419676,12730,607259
"Tayler Saucedo","- - -",0,40.2,173,0.21387283,17888,642048
"Drew Carlton","- - -",0,29.1,117,0.21367521,19868,656290
"Taylor Hearn","- - -",13,110.1,501,0.21357285,18325,621368
"Jorge López","- - -",0,114,487,0.21355236,14527,605347
"Aaron Civale","- - -",35,183.1,759,0.21343874,19479,650644
"Tyler Wells","BAL",43,217.1,877,0.21322691,20000,669330
"Janson Junk","- - -",3,13,61,0.21311475,23301,676083
"Hayden Wesneski","CHC",15,102.2,427,0.21311475,27581,669713
"J.C. Mejía","MIL",0,13.2,66,0.21212121,20617,650496
"José Suarez","LAA",26,133.1,585,0.21196581,19911,660761
"Anthony Banda","- - -",1,33.2,170,0.21176471,14706,607455
"Walker Buehler","LAD",12,65,274,0.21167883,19374,621111
"Kaleb Ort","BOS",2,51.1,241,0.21161826,20061,672391
"Corey Knebel","PHI",0,44.2,194,0.21134021,15010,608349
"Hunter Strickland","CIN",0,62.1,284,0.21126761,7836,519326
"Tyler Duffey","MIN",0,44,185,0.21081081,13758,608648
"Phoenix Sanders","TBR",0,14.2,57,0.21052632,20541,676637
"Max Kranick","PIT",0,5,19,0.21052632,22175,668820
"Owen White","TEX",0,4,19,0.21052632,22273,669391
"Joe La Sorsa","- - -",0,20.2,95,0.21052632,25481,686747
"Brandon Williamson","CIN",16,81,333,0.21021021,25463,682227
"José Berríos","TOR",56,312.1,1337,0.21017203,14168,621244
"Tommy Hunter","NYM",0,46,200,0.21,1157,488984
"Dany Jiménez","OAK",0,42,181,0.20994475,21170,666204
"Drew VerHagen","STL",0,69.2,324,0.20987654,13424,572403
"Johan Oviedo","- - -",32,192.1,834,0.20983213,22487,670912
"Wandy Peralta","NYY",0,101.2,415,0.20963855,14295,593974
"Darwinzon Hernández","BOS",0,6.2,43,0.20930233,19848,650382
"Carlos Hernández","KCR",11,113.2,502,0.20916335,22713,672578
"Sean Newcomb","- - -",1,27.2,134,0.20895522,16943,656794
"Justin Topa","- - -",0,54.2,230,0.20869565,15145,623437
"Cole Ragans","- - -",13,87,374,0.20855615,21846,666142
"Ben Lively","CIN",12,71,307,0.20846906,14932,594902
"Génesis Cabrera","- - -",0,88,379,0.20844327,17490,650893
"JP Sears","- - -",35,200.2,835,0.20838323,23429,676664
"Michael Tonkin","ATL",0,60.2,240,0.20833333,10315,543859
"Calvin Faucher","TBR",4,47,221,0.2081448,20116,676534
"Carlos Carrasco","NYM",47,236.1,1029,0.2079689,6632,471911
"Marcus Stroman","CHC",48,267.1,1106,0.2079566,13431,573186
"Corbin Martin","ARI",2,22.1,101,0.20792079,19884,656686
"Carmen Mlodzinski","PIT",1,23.2,101,0.20792079,27572,669387
"Domingo Acevedo","OAK",0,77,313,0.20766773,17092,642758
"Cionel Pérez","BAL",0,98.1,424,0.20754717,19614,672335
"Jarlín García","SFG",0,65,270,0.20740741,18282,606424
"Michael Wacha","- - -",39,218,878,0.20728929,14078,608379
"Drew Smyly","CHC",43,225,966,0.20703934,11760,592767
"Trent Thornton","- - -",0,57.2,237,0.20675105,17948,663423
"Austin Cox","KCR",3,30,121,0.20661157,24604,680735
"Austin Voth","- - -",17,132.2,586,0.20648464,15047,608723
"Zack Littell","- - -",7,91.2,388,0.20618557,15823,641793
"Adrián Martínez","OAK",12,89,393,0.20610687,21023,661309
"John Means","BAL",2,8,34,0.20588235,16269,607644
"Grant Anderson","TEX",0,32.1,136,0.20588235,20546,681982
"Tayler Scott","- - -",2,28,141,0.20567376,13652,605463
"Dillon Tate","BAL",0,73.2,292,0.20547945,17796,622253
"Yunior Marte","- - -",0,83,375,0.20533333,14416,628708
"Jameson Taillon","- - -",53,281.1,1179,0.20525869,11674,592791
"Steven Brault","CHC",0,9,39,0.20512821,15291,643230
"Ian Kennedy","- - -",0,60.1,278,0.20503597,6986,453178
"Brandon Pfaadt","ARI",11,54.2,244,0.20491803,27782,694297
"Cory Abbott","WSN",9,74.2,337,0.20474777,20277,676265
"Brusdar Graterol","LAD",2,100.2,396,0.20454545,20367,660813
"Cooper Criswell","TBR",1,31.1,137,0.20437956,24975,681867
"Silvino Bracho","- - -",0,11.2,49,0.20408163,15051,611093
"Yerry De Los Santos","PIT",0,50,216,0.2037037,21420,660787
"Kodi Whitley","STL",0,12.2,59,0.20338983,19731,676831
"Alex Young","- - -",1,72.1,315,0.2031746,18333,622065
"Wil Crowe","PIT",1,85.2,379,0.20316623,19800,640444
"Wyatt Mills","- - -",0,29.1,128,0.203125,20010,670090
"Paul Blackburn","OAK",33,177,764,0.20287958,14739,621112
"Rich Hill","- - -",50,249.2,1091,0.20256645,4806,448179
"Anthony Misiewicz","- - -",0,37.1,163,0.20245399,18152,664948
"Bryan Garcia","DET",4,20.1,84,0.20238095,19457,650530
"Brayan Bello","BOS",31,170.2,747,0.2021419,23920,678394
"Ranger Suárez","PHI",46,252.2,1080,0.20185185,17277,624133
"Mike Baumann","BAL",4,93.2,397,0.20151134,20206,657508
"Ross Stripling","- - -",35,206.2,839,0.20143027,13273,548389
"Carl Edwards Jr.","WSN",0,93.2,398,0.20100503,13607,605218
"Joel Kuhnel","- - -",0,63.1,284,0.20070423,19995,669270
"Ryan Tepera","- - -",0,68,289,0.20069204,10291,572193
"Dustin May","LAD",15,78,314,0.20063694,19716,669160
"Joey Wentz","DET",23,112,504,0.20039683,19962,666214
"Jonathan Schoop","DET",0,1.1,5,0.2,11265,570731
"JT Chargois","- - -",3,51.2,205,0.2,13767,608638
"Jackson Stephens","ATL",1,53.2,235,0.2,14420,623451
"Michael Lorenzen","- - -",38,220.1,890,0.2,14843,547179
"Luke Farrell","- - -",2,15,70,0.2,15101,608652
"Bubby Rossman","PHI",0,1,5,0.2,17179,657745
"Josh Lester","BAL",0,1,5,0.2,17737,623507
"Conner Menez","CHC",0,1,5,0.2,19199,669214
"Thomas Hatch","- - -",1,16.1,80,0.2,19264,641672
"Alex Faedo","DET",21,99,425,0.2,19874,656412
"Riley O'Brien","SEA",0,1,5,0.2,20348,676617
"Tylor Megill","NYM",26,128.2,575,0.2,21318,656731
"Angel Rondón","STL",0,5,20,0.2,22036,667373
"José Lopez","TBR",0,2,10,0.2,22982,673111
"Nate Eaton","KCR",0,1,5,0.2,25055,681987
"Lane Ramsey","CHW",0,5.1,20,0.2,25071,682010
"Kevin Kelly","TBR",0,54.1,225,0.2,25679,687330
"Colin Rea","MIL",19,100.1,426,0.19953052,12317,607067
"Jake Bird","COL",3,118,512,0.19921875,21267,656234
"Brent Honeywell","- - -",0,48.1,211,0.19905213,16466,641703
"Cole Sands","MIN",3,44.2,211,0.19905213,21461,663485
"Matt Wisler","TBR",5,44,176,0.19886364,12804,605538
"Taijuan Walker","- - -",53,289,1198,0.19866444,11836,592836
"Kyle Gibson","- - -",56,313,1334,0.19865067,10123,502043
"Roansy Contreras","PIT",29,163.1,710,0.19859155,22810,672710
"Ryan Thompson","TBR",0,60.1,257,0.19844358,16647,657044
"Peter Lambert","COL",6,59.1,257,0.19844358,17969,663567
"Duane Underwood Jr.","PIT",1,81.2,359,0.19777159,14677,621249
"Luke Weaver","- - -",22,132.2,622,0.1977492,16918,596133
"Craig Stammen","SDP",1,40.2,177,0.19774011,7274,489334
"John Curtiss","NYM",0,19.2,81,0.19753086,16128,595928
"Jose Alvarez","SFG",0,15.1,76,0.19736842,5358,501625
"Ryan Feltner","COL",27,132.2,593,0.19730185,21446,663372
"José Urquidy","HOU",36,200.1,838,0.19689737,18413,664353
"Dane Dunning","TEX",47,281,1189,0.19680404,19409,641540
"Ian Anderson","ATL",22,111.2,493,0.19675456,19951,666120
"Casey Legumina","CIN",0,11.2,56,0.19642857,25921,668984
"Matt Barnes","- - -",1,61,275,0.19636364,12863,598264
"Aaron Loup","LAA",0,95.1,433,0.19630485,10343,571901
"Yoan López","NYM",0,11,51,0.19607843,17181,661255
"Elvin Rodriguez","- - -",5,33,153,0.19607843,20962,660730
"Osvaldo Bido","PIT",8,41,189,0.1957672,23150,674370
"José Quintana","- - -",37,195.1,802,0.1957606,11423,500779
"Tyler Matzek","ATL",0,43.2,184,0.19565217,10058,554431
"AJ Smith-Shawver","ATL",4,21.2,92,0.19565217,29960,700363
"Konnor Pilkington","CLE",11,60,266,0.19548872,21453,663455
"Zach Neal","OAK",0,8.2,41,0.19512195,11294,594943
"Garrett Richards","TEX",2,42.2,185,0.19459459,9784,572070
"Adrian Morejon","SDP",1,43,185,0.19459459,20039,670970
"Germán Márquez","COL",35,201.2,859,0.19441211,15038,608566
"Brent Suter","- - -",0,122.1,495,0.19393939,13942,608718
"Trevor Williams","- - -",33,207.1,899,0.19354839,16977,592866
"Daniel Duarte","CIN",0,21.1,93,0.19354839,17480,650960
"Hogan Harris","OAK",6,59.1,264,0.19318182,21520,663687
"Dean Kremer","BAL",45,257.1,1072,0.19309701,19350,665152
"Tony Santillan","CIN",0,23,114,0.19298246,19926,663574
"Kervin Castro","- - -",0,12.1,57,0.19298246,21656,665645
"Bryan Shaw","- - -",2,75,332,0.19277108,8110,543766
"Elvis Peguero","- - -",0,65.2,275,0.19272727,21652,665625
"Jason Foley","DET",0,112,462,0.19264069,19531,671345
"Tyler Anderson","- - -",48,287.2,1195,0.19246862,12880,542881
"Kris Bubic","KCR",30,145,655,0.19236641,21455,663460
"Damon Jones","PHI",0,4.2,26,0.19230769,23310,676103
"Chris Archer","MIN",25,102.2,437,0.19221968,6345,502042
"Bailey Falter","- - -",26,137.2,583,0.19210978,20070,663559
"Beau Sulser","- - -",0,22.1,99,0.19191919,23420,676641
"Norge Ruiz","OAK",0,19,94,0.19148936,19580,650204
"Corey Kluber","- - -",40,219,946,0.19133192,2429,446372
"Thaddeus Ward","WSN",0,30.1,136,0.19117647,21513,663658
"Wily Peralta","DET",1,38.1,168,0.19047619,7738,503449
"Edwin Uceta","- - -",0,20,84,0.19047619,20539,670955
"Derek Law","- - -",2,58.2,258,0.18992248,13133,571882
"Tristan Beck","SFG",0,62.1,258,0.18992248,21584,663941
"Jake Odorizzi","- - -",22,106.1,453,0.18984547,6397,543606
"Ty Adcock","SEA",0,15.2,58,0.18965517,25651,686654
"Joan Adon","WSN",16,78.2,364,0.18956044,22925,672851
"Daniel Lynch IV","KCR",36,184,823,0.18955043,21537,663738
"Mike Clevinger","- - -",37,193,819,0.18925519,12808,605182
"Hansel Robles","BOS",0,24.2,111,0.18918919,11801,570663
"Trevor Kelley","- - -",3,37,164,0.18902439,18454,665001
"Joey Krehbiel","BAL",0,59.1,249,0.18875502,13707,607216
"Brett Martin","TEX",1,50,212,0.18867925,17369,656685
"Louis Head","- - -",0,28.2,138,0.1884058,13259,545343
"Yohan Ramirez","- - -",0,67,303,0.18811881,19444,670990
"Archie Bradley","- - -",0,26,117,0.18803419,12918,605151
"Cody Sedlock","BAL",0,3,16,0.1875,19357,642060
"Max Castillo","- - -",6,58,251,0.187251,21956,666721
"Anthony DeSclafani","SFG",23,118.2,513,0.1871345,13050,543101
"Chase De Jong","PIT",0,83,353,0.18696884,15036,608328
"Justin Garza","BOS",1,18.1,91,0.18681319,19784,621057
"Andrew Kittredge","TBR",0,20,75,0.18666667,12828,552640
"Jeurys Familia","- - -",0,57,268,0.18656716,5114,544727
"Emmet Sheehan","LAD",7,38.1,161,0.1863354,29839,686218
"Luis F. Ortiz","- - -",0,24.2,102,0.18627451,16942,656814
"Jake Irvin","WSN",18,90.2,398,0.18592965,21504,663623
"Brandon Bielak","HOU",13,87,382,0.18586387,19866,656232
"Austin Brice","PIT",0,6.2,27,0.18518519,17237,592169
"Glenn Otto","TEX",27,144,627,0.18500797,21366,657248
"Tyler Danish","BOS",0,40.1,173,0.1849711,15126,641501
"Peyton Battenfield","CLE",6,34.2,146,0.18493151,25777,685410
"Bryce Elder","ATL",33,192,796,0.18467337,27779,693821
"Anthony Castro","CLE",0,13.1,65,0.18461538,19789,621593
"Paolo Espino","WSN",19,117.1,515,0.18446602,8246,502179
"Andrés Machado","WSN",0,86.2,380,0.18421053,14681,600921
"Cody Poteet","MIA",2,28,114,0.18421053,18769,547001
"Jorge Alcala","MIN",0,17.2,76,0.18421053,19459,660896
"Reiver Sanmartin","CIN",4,71,326,0.18404908,19754,665665
"Dusten Knight","TBR",0,11,49,0.18367347,16537,643400
"Martín Pérez","TEX",52,307.2,1309,0.18334607,6902,527048
"Sean Poppen","ARI",0,28.2,120,0.18333333,19583,664092
"Zach Pop","- - -",0,52.2,213,0.18309859,20185,647315
"Joey Lucchesi","NYM",5,22.1,93,0.1827957,19320,664192
"Zack Kelly","BOS",0,21,93,0.1827957,20349,677161
"Tyler Gilbert","ARI",7,51,214,0.18224299,17964,656457
"Cole Irvin","- - -",39,234,978,0.18200409,19244,608344
"Mitch White","- - -",18,111.2,500,0.182,19225,669952
"Roenis Elías","SEA",0,7.2,33,0.18181818,12673,606273
"Sean Reid-Foley","NYM",0,10,44,0.18181818,17034,656887
"Jordan Holloway","MIA",0,2.2,11,0.18181818,20631,656548
"Aneurys Zabala","MIA",0,2.2,11,0.18181818,20802,656008
"Clayton Andrews","MIL",0,1.2,11,0.18181818,23631,677076
"Simeon Woods Richardson","MIN",1,9.2,44,0.18181818,24494,680573
"Sam Bachman","LAA",0,17,77,0.18181818,29754,696147
"Mason Thompson","WSN",0,72,303,0.18151815,21850,666168
"Mike Mayers","- - -",5,77,342,0.18128655,15451,594577
"Javier Assad","CHC",11,98.1,414,0.18115942,21741,665871
"Hirokazu Sawamura","BOS",0,50.2,221,0.18099548,27515,617228
"James Kaprielian","OAK",37,195,857,0.18086348,18331,621076
"Chase Anderson","- - -",19,84.2,371,0.18059299,6895,502624
"Phillips Valdez","BOS",0,16.1,72,0.18055556,15605,570488
"Adam Cimber","TOR",0,91.1,388,0.18041237,15288,643256
"Jhony Brito","NYY",12,62.1,261,0.18007663,25386,666745
"Ronny Henriquez","MIN",0,11.2,50,0.18,24094,678692
"Ryan Burr","CHW",0,9,39,0.17948718,17536,621114
"Joe Barlow","TEX",0,44.2,190,0.17894737,22296,669618
"Josh Winder","MIN",11,85.1,369,0.17886179,24606,680739
"Miles Mikolas","STL",58,350,1432,0.17877095,9803,571945
"Zach Davies","ARI",39,191.2,829,0.17852835,13183,605200
"Davis Martin","CHW",9,63.1,269,0.17843866,21448,663436
"Sam Long","- - -",7,85,366,0.17759563,25379,669674
"Sergio Romo","- - -",0,18,79,0.17721519,9817,489265
"Jaime Barria","LAA",7,148,604,0.17715232,18356,642545
"Victor Mederos","LAA",0,3,17,0.17647059,31533,682989
"Jordan Lyles","- - -",55,310.1,1333,0.17629407,7593,543475
"Jacob Lemoine","OAK",0,16.1,74,0.17567568,19785,621082
"Michael Soroka","ATL",5,29.1,131,0.17557252,18383,647336
"Chad Kuhl","- - -",32,175.1,804,0.17537313,14975,641771
"Logan Allen","- - -",0,7.2,40,0.175,18555,663531
"Matt Koch","- - -",0,27.1,103,0.17475728,13420,571863
"Noah Davis","COL",4,19.2,103,0.17475728,25862,663562
"Jesse Scholtens","CHW",5,56.1,229,0.17467249,19205,669947
"J.P. France","HOU",16,102,419,0.17422434,21212,641585
"Tommy Doyle","COL",0,11.1,46,0.17391304,21281,656382
"Frank German","BOS",0,4,23,0.17391304,24750,681464
"Nick Ramirez","NYY",0,33.2,144,0.17361111,12575,598286
"Julio Teheran","MIL",11,62.2,254,0.17322835,6797,527054
"Garrett Crochet","CHW",0,10,52,0.17307692,27463,676979
"Matt Manning","DET",23,121.2,509,0.17288802,20369,666159
"Tyler Alexander","DET",18,145,608,0.17269737,17735,641302
"Spencer Howard","TEX",8,41,197,0.17258883,23252,675921
"Jonathan Loáisiga","NYY",0,54.2,226,0.17256637,19753,642528
"Ryan Sherriff","BOS",0,6.2,29,0.17241379,12249,595411
"Sam Clay","- - -",0,5.1,29,0.17241379,16279,621348
"Francisco Pérez","- - -",0,10.2,58,0.17241379,21018,660906
"J.B. Wendelken","ARI",0,29,122,0.17213115,14506,605525
"Wade Miley","- - -",23,114.2,471,0.17197452,8779,489119
"Dylan Covey","- - -",1,29,128,0.171875,14825,592229
"Anthony Kay","- - -",0,13.1,64,0.171875,20387,641743
"Kyle Hendricks","CHC",32,176.2,739,0.17185386,12049,543294
"Josh Winckowski","BOS",14,134.1,588,0.17176871,22387,670174
"Grant Hartwig","NYM",0,23.2,105,0.17142857,29946,701643
"Heath Hembree","- - -",0,23.1,111,0.17117117,11632,592390
"Taylor Widener","ARI",0,17.1,82,0.17073171,19266,642203
"Tommy Henry","ARI",25,136,586,0.17064846,26285,674072
"Adrian Sampson","CHC",19,104.1,428,0.17056075,13339,592716
"Tyler Rogers","SFG",0,133,552,0.17028986,15541,643511
"Ashton Goudeau","COL",0,20.1,94,0.17021277,15139,623485
"Kirby Snead","OAK",0,50,235,0.17021277,19179,669912
"Zach Logue","- - -",10,68,306,0.16993464,20231,656657
"Luis Frías","ARI",0,34,171,0.16959064,21997,666818
"Zach Plesac","CLE",29,153,673,0.16939079,19979,668676
"Erich Uelmen","- - -",0,28,130,0.16923077,20323,657272
"Bryse Wilson","- - -",20,173,745,0.16912752,19990,669060
"Jhoulys Chacín","COL",0,47.1,219,0.16894977,2608,468504
"Denyi Reyes","- - -",3,19.2,89,0.16853933,20526,660593
"Connor Seabold","- - -",18,100.2,483,0.16770186,19695,657756
"Adrian Houser","MIL",36,186,820,0.16707317,12718,605288
"Mike Minor","CIN",19,98,455,0.16703297,10021,501985
"Jake Reed","- - -",0,17.1,84,0.16666667,16209,596082
"Lane Thomas","WSN",0,1,6,0.16666667,16939,657041
"Junior Fernández","- - -",0,18.2,84,0.16666667,18496,658551
"Jhonathan Diaz","LAA",3,15.1,66,0.16666667,20298,646242
"Braden Bristo","- - -",0,7,30,0.16666667,20494,668754
"Jordan Balazovic","MIN",0,22.1,96,0.16666667,21866,666364
"Robert Garcia","- - -",0,8.2,30,0.16666667,23363,676395
"Patrick Corbin","WSN",55,290,1321,0.1657835,9323,571578
"Zach Thompson","PIT",22,121.2,543,0.16574586,16094,605507
"Spencer Turnbull","DET",7,31,145,0.16551724,16207,605513
"Humberto Castellanos","ARI",9,44.1,194,0.16494845,21183,528748
"Austin Gomber","COL",41,249.2,1069,0.16463985,16561,596295
"Ryan Yarbrough","- - -",16,141.1,602,0.16445183,16502,642232
"Aníbal Sánchez","WSN",14,69.1,292,0.16438356,3284,434671
"Quinn Priester","PIT",6,28.2,140,0.16428571,25977,682990
"Andre Pallante","STL",10,155,664,0.16415663,26108,669467
"Erick Fedde","WSN",27,127,573,0.16404887,17425,607200
"Johnny Cueto","- - -",30,190.2,781,0.16389245,6893,456501
"Tucker Davidson","- - -",11,87.1,409,0.16381418,19871,656353
"Levi Stoudt","CIN",2,10.1,55,0.16363636,25650,686651
"Bruce Zimmermann","BAL",13,85,373,0.16353887,20370,669145
"Kirk McCarty","CLE",2,37.2,159,0.16352201,20555,668948
"José Butto","NYM",3,18.2,92,0.16304348,23313,676130
"Aaron Brooks","STL",0,9.1,43,0.1627907,12272,605156
"Daulton Jefferies","OAK",8,39.1,172,0.1627907,19345,641726
"Evan Lee","WSN",1,8.2,43,0.1627907,24988,681885
"Brad Keller","KCR",31,183,818,0.16259169,15734,641745
"Mason Englert","DET",1,56,253,0.16205534,22288,669438
"Bryan Hoeing","MIA",7,58,253,0.16205534,26304,663773
"Vladimir Gutierrez","CIN",8,36.2,179,0.16201117,19278,661269
"Rob Zastryzny","- - -",0,21,99,0.16161616,15094,642239
"Luis L. Ortiz","PIT",14,69.2,316,0.16139241,27646,682847
"Garrett Hill","DET",8,74,335,0.16119403,25097,682051
"Austin Pruitt","OAK",7,101.2,410,0.16097561,15290,643493
"Tyler Thornburg","- - -",0,19,87,0.16091954,10688,592804
"Beau Brieske","DET",16,96,398,0.16080402,26079,689225
"Ryne Nelson","ARI",27,143.1,610,0.16065574,26253,669194
"Adam Wainwright","STL",47,258.1,1134,0.16049383,2233,425794
"Justin Bruihl","- - -",0,49.1,212,0.16037736,23779,677865
"Travis Lakins Sr.","BAL",0,10.1,50,0.16,18600,664042
"Kenny Rosenberg","LAA",1,15.2,75,0.16,20009,670046
"Justin Martinez","ARI",0,3.1,25,0.16,24453,679885
"Noah Syndergaard","- - -",39,207,883,0.1596829,11762,592789
"Kyle Freeland","COL",54,298.2,1306,0.15926493,16256,607536
"Tommy Romero","- - -",2,8.1,44,0.15909091,23465,676720
"Chris Flexen","- - -",30,199.1,881,0.15891033,13896,623167
"Graham Ashcraft","CIN",42,232,1014,0.15877712,27552,668933
"Cody Bolton","PIT",0,11,63,0.15873016,23265,675989
"Dylan Bundy","MIN",29,140,595,0.15798319,12917,605164
"Luke Barker","MIL",0,4,19,0.15789474,19609,673316
"A.J. Alexy","TEX",0,7,38,0.15789474,22343,669935
"Domingo Tapia","- - -",0,34.2,165,0.15757576,12178,593619
"Dillon Peters","PIT",4,39.1,165,0.15757576,18790,596071
"Joe Jacques","BOS",1,20,89,0.15730337,25178,682175
"Caleb Kilian","CHC",4,16.2,89,0.15730337,26213,668873
"Matthew Liberatore","STL",17,80.1,369,0.15718157,22294,669461
"Amos Willingham","WSN",0,14,70,0.15714286,26128,686294
"Kyle Muller","- - -",14,64.1,312,0.15705128,20167,666205
"Garrett Acton","OAK",0,5.2,32,0.15625,27583,670183
"Erasmo Ramírez","- - -",3,125.2,527,0.15559772,10314,541640
"Ryan Weathers","- - -",11,52,238,0.15546218,23796,677960
"Miguel Sánchez","MIL",0,13.1,58,0.15517241,20074,667376
"Justin Grimm","OAK",0,15.1,71,0.15492958,11720,518748
"Madison Bumgarner","ARI",34,175.1,788,0.15482234,5524,518516
"Aaron Sanchez","- - -",10,60,265,0.15471698,11490,592717
"Adonis Medina","NYM",0,23.2,110,0.15454545,19903,658431
"Cal Quantrill","CLE",45,253.1,1077,0.15413185,19312,615698
"Shane Greene","- - -",0,3,13,0.15384615,10756,572888
"Michael A. Taylor","KCR",0,2,13,0.15384615,11489,572191
"R.J. Alvarez","NYM",0,2.1,13,0.15384615,13401,571439
"Connor Sadzeck","MIL",0,3,13,0.15384615,13483,592712
"Vinny Nittoli","- - -",0,3.2,13,0.15384615,16754,657697
"Jesus Cruz","ATL",0,8.2,39,0.15384615,20042,672911
"Eduard Bazardo","- - -",0,18.2,78,0.15384615,20997,660825
"Reiss Knehr","SDP",2,19.1,91,0.15384615,21541,663753
"Keaton Winn","SFG",2,22,91,0.15384615,23499,676775
"Jake McGee","- - -",0,37,163,0.15337423,7550,459429
"Justin Dunn","CIN",7,31,138,0.15217391,19268,643290
"Chi Chi González","- - -",5,25.2,112,0.15178571,14663,592346
"Alan Busenitz","CIN",0,4,20,0.15,15239,641427
"Nick Neidert","MIA",1,5,20,0.15,18699,663734
"Logan Gillaspie","BAL",0,26.1,120,0.15,22461,670810
"Randy Vásquez","NYY",3,19,80,0.15,24719,681190
"Cole Waites","SFG",0,8,40,0.15,25665,686972
"Jonathan Heasley","KCR",21,119,528,0.14962121,22224,669169
"Luis Cessa","CIN",16,106.2,468,0.14957265,13345,570666
"Scott Alexander","SFG",10,53.2,214,0.14953271,10591,518397
"Hunter Gaddis","CLE",8,38.2,174,0.14942529,25636,683769
"Devin Smeltzer","- - -",13,89,370,0.14864865,19487,656970
"Jerad Eickhoff","PIT",1,4.1,27,0.14814815,12664,595191
"Bryan Hudson","LAD",0,5.2,27,0.14814815,19924,663542
"Alex Colomé","- - -",0,50,230,0.14782609,6661,517008
"Xzavion Curry","CLE",7,78.1,332,0.14759036,25595,675540
"Drew Steckenrider","SEA",0,14.1,68,0.14705882,18806,608716
"Drew Hutchison","DET",18,105.1,464,0.14655172,10732,571800
"Yonny Chirinos","- - -",9,88,378,0.14550265,16401,630023
"Austin Warren","LAA",0,17.2,76,0.14473684,24937,681810
"Jason Alexander","MIL",11,71.2,321,0.14330218,19666,669920
"Tyler Clippard","WSN",0,5,28,0.14285714,5640,461325
"Jackie Bradley Jr.","BOS",0,1,7,0.14285714,12984,598265
"Chris Mazza","TBR",0,5.1,35,0.14285714,14151,607391
"Hyun Jin Ryu","TOR",9,41,168,0.14285714,14444,547943
"Yacksel Ríos","OAK",0,1.2,14,0.14285714,15007,605441
"Matt Beaty","SFG",0,1,7,0.14285714,17710,607461
"Enoli Paredes","HOU",0,3,14,0.14285714,20447,660600
"Kyle Tyler","SDP",0,4,14,0.14285714,22092,667725
"Francisco Morales","PHI",0,5,21,0.14285714,22913,672839
"Jacob Lopez","TBR",0,3,14,0.14285714,25098,682052
"Collin Snider","KCR",0,39,176,0.14204545,23307,676092
"Mark Melancon","ARI",0,56,247,0.1417004,4264,453343
"Robert Gsellman","CHC",0,15.1,64,0.140625,13696,607229
"Tyson Miller","- - -",2,24,114,0.14035088,19976,668338
"Manuel Rodríguez","CHC",0,13.2,57,0.14035088,20794,655889
"Spenser Watkins","- - -",21,109.2,480,0.13958333,17489,657093
"Zack Greinke","KCR",48,247.2,1047,0.13944604,1943,425844
"Joe Smith","MIN",0,27.1,122,0.13934426,3281,501925
"Casey Lawrence","TOR",0,18,79,0.13924051,11121,596271
"Matt Carasiti","COL",0,21.2,101,0.13861386,13276,571539
"Josh Fleming","TBR",6,86.2,390,0.13846154,20418,676596
"Brandon Walter","BOS",0,14.2,65,0.13846154,26056,687888
"Brett Kennedy","CIN",1,7,29,0.13793103,17877,664028
"Ronald Bolaños","KCR",0,18.1,87,0.13793103,20041,671790
"Marco Gonzales","SEA",42,233,998,0.13727455,15467,594835
"Justus Sheffield","SEA",1,11.2,51,0.1372549,17285,656954
"José Ureña","- - -",22,115.1,525,0.13714286,11589,570632
"Tyler Beede","- - -",5,61.1,285,0.13684211,16981,595881
"Luis Patiño","TBR",6,24,117,0.13675214,22815,672715
"Daniel Castano","MIA",7,36.2,162,0.13580247,19805,641447
"Richard Bleier","- - -",1,81.1,354,0.13559322,7803,542947
"Luke Bard","- - -",0,15,59,0.13559322,14288,572703
"Dakota Hudson","STL",30,177.2,760,0.13552632,19206,641712
"Adam Oller","OAK",15,94,438,0.1347032,20132,670124
"Miguel Yajure","PIT",1,24.1,119,0.13445378,21111,664337
"Javy Guerra","- - -",2,37.1,179,0.13407821,17292,642770
"Nick Wittgren","- - -",0,58,262,0.13358779,15594,621295
"Kyle Leahy","STL",0,1.2,15,0.13333333,24763,681517
"Dallas Keuchel","- - -",16,67.1,339,0.13274336,9434,572971
"Tim Hill","SDP",0,90.2,385,0.13246753,16814,657612
"Jake Woodford","STL",7,88,370,0.13243243,18674,663765
"Reed Garrett","- - -",0,19,99,0.13131313,16866,657585
"Adam Kolarek","- - -",0,19,84,0.13095238,10843,592473
"Antonio Senzatela","COL",21,100,443,0.13092551,15488,622608
"Matt Peacock","- - -",0,10,46,0.13043478,20339,676840
"Michael Pineda","DET",11,46.2,200,0.13,5372,501381
"John King","- - -",0,73.2,316,0.12974684,22051,667463
"Angel De Jesus","DET",0,12.2,54,0.12962963,22323,669804
"Kohei Arihara","TEX",4,20,108,0.12962963,27505,685503
"Jared Shuster","ATL",9,45,193,0.12953368,27472,694363
"Connor Overton","CIN",7,44,179,0.12849162,18376,656818
"Bennett Sousa","- - -",0,23,110,0.12727273,21345,656986
"Rico Garcia","- - -",0,19.2,95,0.12631579,20023,670329
"Pedro Báez","HOU",0,2.1,16,0.125,5420,520980
"Alex Claudio","- - -",0,3.2,16,0.125,12890,592222
"Luis Perdomo","MIL",0,23.2,96,0.125,14682,606131
"Mark Appel","PHI",0,10.1,40,0.125,14823,571446
"Foster Griffin","- - -",0,6.1,32,0.125,16432,656492
"Jordan Sheffield","COL",0,2,8,0.125,19682,642068
"Jake Fishman","MIA",0,11,48,0.125,20060,670288
"Matthew Batten","SDP",0,2,8,0.125,20157,676946
"Jose A. Ferrer","WSN",0,17.2,72,0.125,24017,678606
"Lyon Richardson","CIN",1,3,16,0.125,24581,680689
"Jared Koenig","OAK",5,39.1,177,0.12429379,27517,657649
"Ty Blach","COL",6,81.1,355,0.12394366,14361,621389
"Jacob Barnes","- - -",0,22.1,97,0.12371134,12323,606930
"Blake Taylor","HOU",0,16,75,0.12,16418,642130
"Deivi García","NYY",0,5.2,25,0.12,20276,665620
"Slade Cecconi","ARI",1,6.1,25,0.12,27500,677944
"Kevin Herget","- - -",0,29,126,0.11904762,15369,643361
"Spencer Patton","- - -",0,12.1,51,0.11764706,12361,607359
"Colten Brewer","NYY",0,8.1,34,0.11764706,12997,605155
"Patrick Murphy","WSN",0,5.2,34,0.11764706,19712,641907
"Cristofer Ogando","TBR",0,4.1,17,0.11764706,20667,642657
"Gus Varland","MIL",0,8.2,51,0.11764706,24737,681402
"Alec Mills","- - -",2,18.2,94,0.11702128,13834,621219
"T.J. McFarland","- - -",0,34.1,156,0.11538462,3237,519008
"Aaron Fletcher","PIT",0,11.2,52,0.11538462,22052,667465
"Gavin Stone","LAD",3,12,71,0.11267606,27792,694813
"James Naile","STL",0,20,98,0.1122449,18186,664942
"Robbie Erlin","LAD",0,2,9,0.11111111,10354,572362
"Sean Nolin","MIA",0,3,18,0.11111111,11341,543594
"Ralph Garza Jr.","TBR",0,35,153,0.11111111,17682,621248
"Kyle Dowdy","CIN",0,6.1,27,0.11111111,19285,664871
"Devin Sweet","SEA",0,2,9,0.11111111,25348,682967
"Phillip Diehl","CIN",0,5.2,28,0.10714286,20030,670426
"Josh Rogers","WSN",3,26.1,113,0.10619469,18510,642028
"Matt Waldron","SDP",1,4.2,19,0.10526316,25550,663362
"Dylan Dodd","ATL",5,24.1,114,0.10526316,29928,689266
"Dereck Rodríguez","- - -",0,11,48,0.10416667,14509,605446
"Juan Then","SEA",0,11,48,0.10416667,22828,672730
"Arodys Vizcaíno","KCR",0,5.2,29,0.10344828,5498,527055
"Ryan Weber","NYY",0,25,97,0.10309278,10160,543901
"Jake Hager","ARI",0,2.1,10,0.1,12198,606993
"Alan Trejo","COL",0,2,10,0.1,20056,676701
"Hobie Harris","WSN",0,19.1,91,0.0989011,18615,665048
"Emerson Hancock","SEA",2,10,41,0.09756098,27470,676106
"Zach Muckenhirn","NYM",0,6,31,0.09677419,20209,669105
"McKinley Moore","PHI",0,3.1,21,0.0952381,25663,686842
"David McKay","- - -",0,6.2,32,0.09375,19814,641853
"Jackson Tetreault","WSN",4,21,96,0.09375,20565,676194
"Ryan Castellani","OAK",0,2.2,11,0.09090909,16377,624418
"José Castillo","SDP",0,1.1,11,0.09090909,17169,620454
"Nate Fisher","NYM",0,3,11,0.09090909,25512,688010
"Peter Solomon","ARI",0,13.1,67,0.08955224,20476,656981
"Casey Mize","DET",2,10,45,0.08888889,20492,663554
"Gerardo Reyes","LAA",0,8.2,46,0.08695652,16306,622103
"Yadier Molina","STL",0,2,12,0.08333333,7007,425877
"Matt Dermody","- - -",1,5,24,0.08333333,14844,571616
"Sam Howard","PIT",0,2,12,0.08333333,16265,607572
"José Rodríguez","SEA",0,3,12,0.08333333,17860,642578
"Easton McGee","- - -",1,9.2,36,0.08333333,22176,668834
"Eduardo Salazar","CIN",0,12.1,61,0.08196721,23135,674285
"Karl Kauffmann","COL",3,21.2,99,0.08080808,27488,666154
"Chris Ellis","BAL",2,4.1,25,0.08,16125,595939
"T.J. Zeuch","CIN",3,10.2,64,0.078125,19269,643615
"Josh Rojas","ARI",0,2,13,0.07692308,19734,668942
"Alec Burleson","STL",0,1.2,13,0.07692308,27615,676475
"Andrew Suárez","STL",0,8.2,40,0.075,18300,605498
"Tommy Milone","SEA",2,25.2,109,0.0733945,7608,543548
"Angel Zerpa","KCR",2,20.1,85,0.07058824,22717,672582
"Jace Peterson","- - -",0,3,15,0.06666667,12325,607054
"Tanner Tully","CLE",0,6,30,0.06666667,19518,668684
"Diego Castillo","PIT",0,2,15,0.06666667,19906,660636
"James McArthur","KCR",0,6,31,0.06451613,21527,663704
"Drew Rucinski","OAK",4,18,95,0.06315789,12499,607968
"Fernando Abad","COL",0,6.1,32,0.0625,4994,472551
"Isiah Kiner-Falefa","NYY",0,4,16,0.0625,16512,643396
"Josh Harrison","- - -",0,4.2,33,0.06060606,8202,543281
"Jacob Stallings","MIA",0,4,18,0.05555556,13723,607732
"Garrett Stubbs","PHI",0,3.2,18,0.05555556,18067,596117
"Luke Raley","TBR",0,2.2,19,0.05263158,19354,670042
"Matt Krook","NYY",0,3,20,0.05,19315,640454
"Jackson Wolf","SDP",1,5,22,0.04545455,29832,680232
"Christian Bethancourt","- - -",0,4.1,23,0.04347826,10028,542194
"Oliver Pérez","ARI",0,4,24,0.04166667,1514,424144
"Zack Short","DET",0,5,24,0.04166667,19562,670097
"Kody Clemens","- - -",0,9.2,48,0.04166667,20572,665019
"Zac Lowther","BAL",0,5.1,28,0.03571429,20243,675912
"Jeff Lindgren","MIA",0,7,28,0.03571429,25830,689167
"Harold Castro","- - -",0,6,29,0.03448276,14691,605612
"Hanser Alberto","- - -",0,12.2,59,0.03389831,11902,593643
"Albert Pujols","STL",0,1,7,0,1177,405395
"Charlie Culberson","TEX",0,2,8,0,3298,518586
"Josh Donaldson","NYY",0,1,3,0,5038,518626
"Sandy León","- - -",0,3,11,0,5273,506702
"Brandon Crawford","SFG",0,1,5,0,5343,543063
"Eduardo Escobar","LAA",0,1,5,0,6153,500871
"Alcides Escobar","WSN",0,1.2,10,0,6310,444876
"Miguel Rojas","LAD",0,1,6,0,7802,500743
"Dee Strange-Gordon","WSN",0,1,8,0,8203,543829
"César Valdez","LAA",0,1,5,0,9013,491624
"Darin Ruf","NYM",0,2,7,0,9929,573131
"Chris Owings","- - -",0,2,11,0,10030,572008
"Wil Myers","SDP",0,3.2,16,0,10047,571976
"Tucker Barnhart","- - -",0,5,24,0,10200,571466
"Randal Grichuk","COL",0,1,3,0,10243,545341
"Carlos Pérez","OAK",0,1.2,10,0,10642,542208
"Corey Dickerson","STL",0,1,6,0,10762,572816
"Andrelton Simmons","CHC",0,1,9,0,10847,592743
"Phil Gosselin","LAA",0,1,3,0,10953,594838
"Whit Merrifield","TOR",0,1,6,0,11281,593160
"Yolmer Sánchez","BOS",0,1,6,0,11602,570560
"Brad Miller","TEX",0,2,9,0,12775,543543
"James McCann","BAL",0,1,5,0,12859,543510
"Orlando Arcia","ATL",0,1,4,0,13185,606115
"Ildemaro Vargas","WSN",0,2,6,0,13324,545121
"Jake Lamb","LAA",0,1,4,0,13329,571875
"Luke Maile","CIN",0,4.1,25,0,13355,571912
"Carson Kelly","ARI",0,6.2,36,0,13620,608348
"Matt Reynolds","CIN",0,1.1,9,0,13788,608703
"Kevin Plawecki","BOS",0,1,4,0,13807,608700
"Matt Duffy","KCR",0,1,4,0,13836,622110
"Brett Phillips","- - -",0,4.1,25,0,14735,621433
"Yu Chang","TBR",0,2,11,0,14773,644374
"Victor Caratini","MIL",0,1,7,0,14968,605170
"Hunter Dozier","KCR",0,1,6,0,15117,641531
"Josh VanMeter","PIT",0,3,27,0,15170,642165
"Chad Pinder","OAK",0,1,7,0,15191,640461
"Brandon Dixon","SDP",0,1,3,0,15214,641525
"Austin Wynns","SFG",0,2,10,0,15271,642851
"Frank Schwindel","CHC",0,3,18,0,15351,643524
"Jack Mayfield","LAA",0,1,4,0,15402,608686
"Mike Ford","- - -",0,3,17,0,15585,645801
"Willians Astudillo","MIA",0,2,7,0,15608,553902
"Reese McGuire","BOS",0,1,3,0,15674,624512
"Luis Torrens","SEA",0,2,10,0,15905,620443
"A.J. Ladwig","MIA",0,3.1,15,0,16266,607609
"Nick Gordon","MIN",0,3.2,25,0,16337,624503
"Pablo Reyes","- - -",0,3,16,0,16357,622569
"Jordan Luplow","MIN",0,1,5,0,16424,656669
"Luis Guillorme","NYM",0,1,4,0,16451,641645
"Jason Vosler","CIN",0,2,11,0,16686,613564
"Jose Herrera","ARI",0,1,7,0,17040,645444
"Willi Castro","MIN",0,1.1,4,0,17338,650489
"Max Schrock","CIN",0,1,10,0,17750,621011
"Danny Mendick","NYM",0,2,15,0,18889,664901
"Donovan Walton","SFG",0,1,7,0,19314,622268
"Nicky Lopez","- - -",0,2,10,0,19339,670032
"Zach McKinstry","DET",0,1,6,0,19392,656716
"Brian Serven","COL",0,1,3,0,19422,661531
"Yonny Hernández","LAD",0,1,4,0,19432,660634
"Shaun Anderson","TOR",0,1,7,0,19453,641312
"Sheldon Neuse","OAK",0,3.2,12,0,19635,641914
"Mike Brosseau","MIL",0,5.1,22,0,19683,670712
"René Pinto","TBR",0,1,8,0,19859,650907
"Ryan McKenna","BAL",0,2.1,16,0,19928,663630
"Luke Williams","LAD",0,1,3,0,19931,663897
"Bligh Madris","HOU",0,1,4,0,20054,676632
"Luis González","SFG",0,6.1,30,0,20332,670768
"Ernie Clement","- - -",0,3,18,0,20352,676391
"Alejo Lopez","CIN",0,2.2,10,0,21127,664670
"Nick Maton","PHI",0,1.1,8,0,21635,665155
"Jake Wong","CIN",0,3,15,0,23095,673858
"Ricky Karcher","CIN",0,1,4,0,23449,676689
"Nick Snyder","TEX",0,1,7,0,23493,676766
"David Villar","SFG",0,1,3,0,24782,681584
"David Fry","CLE",0,1,3,0,24934,681807
"Blair Calvo","COL",0,1,3,0,25416,663971
"Randy Wynne","CIN",0,2.1,11,0,25804,691094
"Brett Wisely","SFG",0,1,4,0,27735,689172