,Name,Handedness,Team,Opponent,xK,prop_k,over,over_odds,x_over,over_diff,under,under_odds,x_under,under_diff,bet_over,bet_under,commence_time,SO,IP,win,wager_return
1,Shane Bieber,R,CLE,DET,6.61,6.5,-134.0,0.573,0.49,-0.0829999999999999,106.0,0.485,0.51,0.025,0,1,2023-05-09 18:10:00,9,6.0,False,-100.0
3,Luis Ortiz,R,PIT,COL,4.38,4.5,-146.0,0.593,0.446,-0.1469999999999999,114.0,0.467,0.554,0.087,0,1,2023-05-09 18:35:00,1,5.0,True,114.0
9,Drew Rucinski,R,OAK,NYY,1.96,3.5,106.0,0.485,0.135,-0.35,-134.0,0.573,0.865,0.292,0,1,2023-05-09 19:05:00,2,5.0,True,74.63
12,Charlie Morton,R,ATL,BOS,5.58,5.5,-130.0,0.565,0.485,-0.0799999999999999,104.0,0.49,0.515,0.025,0,1,2023-05-09 19:20:00,7,6.0,False,-100.0
19,Jack Flaherty,R,STL,CHC,4.57,6.5,122.0,0.45,0.178,-0.272,-156.0,0.609,0.822,0.2129999999999999,0,1,2023-05-09 19:40:00,3,5.0,True,64.1
23,Brandon Pfaadt,R,ARI,MIA,3.13,4.5,112.0,0.472,0.207,-0.265,-142.0,0.587,0.793,0.206,0,1,2023-05-09 21:40:00,3,5.0,True,70.42
25,George Kirby,R,SEA,TEX,5.22,6.5,124.0,0.446,0.271,-0.175,-158.0,0.612,0.729,0.1169999999999999,0,1,2023-05-09 21:40:00,9,7.0,False,-100.0
27,Logan Webb,R,SFG,WAS,4.34,5.5,114.0,0.467,0.269,-0.198,-146.0,0.593,0.731,0.138,0,1,2023-05-09 21:45:00,7,7.0,False,-100.0
0,Kyle Muller,L,OAK,NYY,3.17,3.5,-154.0,0.606,0.391,-0.215,120.0,0.455,0.609,0.154,0,1,2023-05-10 12:35:00,6,4.0,False,-100.0
1,Jhony Brito,R,NYY,OAK,2.93,4.5,-116.0,0.537,0.174,-0.363,-110.0,0.524,0.826,0.302,0,1,2023-05-10 12:35:00,3,4.1,True,90.91
2,Antonio Senzatela,R,COL,PIT,2.71,3.5,108.0,0.481,0.287,-0.194,-136.0,0.576,0.713,0.137,0,1,2023-05-10 12:35:00,1,2.2,True,73.53
3,Rich Hill,L,PIT,COL,4.32,5.5,108.0,0.481,0.267,-0.214,-136.0,0.576,0.733,0.157,0,1,2023-05-10 12:35:00,4,3.2,True,73.53
4,Eduardo Rodriguez,L,DET,CLE,4.11,5.5,114.0,0.467,0.232,-0.235,-144.0,0.59,0.768,0.178,0,1,2023-05-10 13:10:00,8,7.0,False,-100.0
6,Clayton Kershaw,L,LAD,MIL,6.76,7.5,-138.0,0.58,0.366,-0.214,108.0,0.481,0.634,0.153,0,1,2023-05-10 13:40:00,8,7.0,False,-100.0
7,Wade Miley,L,MIL,LAD,3.78,4.5,136.0,0.424,0.328,-0.096,-174.0,0.635,0.672,0.037,0,1,2023-05-10 13:40:00,3,5.0,True,57.47
8,Edward Cabrera,R,MIA,ARI,4.94,5.5,116.0,0.463,0.374,-0.089,-148.0,0.597,0.626,0.029,0,1,2023-05-10 15:40:00,5,3.1,True,67.57
10,Luis Castillo,R,SEA,TEX,6.78,6.5,-154.0,0.606,0.516,-0.09,120.0,0.455,0.484,0.029,0,1,2023-05-10 15:40:00,9,5.0,False,-100.0
12,Sean Manaea,L,SFG,WAS,4.5,4.5,-154.0,0.606,0.467,-0.139,120.0,0.455,0.533,0.078,0,1,2023-05-10 15:45:00,4,2.2,True,120.0
14,Zack Wheeler,R,PHI,TOR,5.78,6.5,-108.0,0.519,0.359,-0.16,-118.0,0.541,0.641,0.1,0,1,2023-05-10 16:05:00,7,7.0,False,-100.0
16,Griffin Canning,R,LAA,HOU,4.28,4.5,-138.0,0.58,0.425,-0.155,108.0,0.481,0.575,0.094,0,1,2023-05-10 16:07:00,3,3.2,True,108.0
18,Justin Verlander,R,CIN,NYM,5.86,6.5,102.0,0.495,0.371,-0.124,-130.0,0.565,0.629,0.064,0,1,2023-05-10 18:40:00,7,7.0,False,-100.0
20,Brayan Bello,R,ATL,BOS,4.36,4.5,-108.0,0.519,0.441,-0.078,-116.0,0.537,0.559,0.022,0,1,2023-05-10 19:20:00,5,6.0,False,-100.0
21,Jordan Montgomery,L,CHC,STL,4.74,5.5,-116.0,0.537,0.338,-0.199,-110.0,0.524,0.662,0.138,0,1,2023-05-10 19:40:00,3,5.0,True,90.91
3,Mike Clevinger,R,KCR,CHW,4.21,4.5,-116.0,0.537,0.411,-0.126,-112.0,0.528,0.589,0.061,0,1,2023-05-11 14:10:00,2,6.0,True,89.29
5,Drew Rasmussen,R,NYY,TBR,4.63,4.5,-148.0,0.597,0.492,-0.105,116.0,0.463,0.508,0.045,0,1,2023-05-11 19:05:00,7,7.0,False,-100.0
6,Domingo German,R,SFG,ARI,4.34,5.5,130.0,0.435,0.27,-0.165,-166.0,0.624,0.73,0.106,0,1,2023-05-11 19:05:00,3,5.2,True,60.24
1,Marco Gonzales,L,SEA,DET,3.64,4.5,120.0,0.455,0.301,-0.154,-152.0,0.603,0.699,0.096,0,1,2023-05-12 18:40:00,2,6.0,True,65.79
5,Kyle Bradish,R,BAL,PIT,4.45,4.5,-144.0,0.59,0.459,-0.131,112.0,0.472,0.541,0.069,0,1,2023-05-12 19:05:00,6,6.0,False,-100.0
14,Drew Smyly,L,MIN,CHC,4.16,4.5,-122.0,0.55,0.402,-0.148,-106.0,0.515,0.598,0.083,0,1,2023-05-12 20:10:00,4,6.0,True,94.34
15,Sonny Gray,R,PHI,COL,5.39,6.5,120.0,0.455,0.298,-0.157,-152.0,0.603,0.702,0.099,0,1,2023-05-12 20:10:00,9,5.1,False,-100.0
17,Austin Gomber,L,SFG,ARI,3.12,3.5,-116.0,0.537,0.379,-0.158,-110.0,0.524,0.621,0.097,0,1,2023-05-12 20:40:00,6,6.2,False,-100.0
19,Ken Waldichuk,L,LAD,SDP,4.81,5.5,-106.0,0.515,0.351,-0.164,-122.0,0.55,0.649,0.099,0,1,2023-05-12 21:40:00,5,5.0,True,81.97
5,Joe Ryan,R,MIN,CHC,5.67,7.5,118.0,0.459,0.212,-0.247,-150.0,0.6,0.788,0.188,0,1,2023-05-13 14:10:00,10,6.0,False,-100.0
7,Jose Berrios,R,TOR,ATL,5.1,5.5,104.0,0.49,0.402,-0.088,-132.0,0.569,0.598,0.029,0,1,2023-05-13 15:07:00,3,5.2,True,75.76
8,Joey Lucchesi,L,NYM,WAS,3.49,3.5,-146.0,0.593,0.461,-0.132,114.0,0.467,0.539,0.072,0,1,2023-05-13 16:05:00,0,2.0,True,114.0
12,Chris Sale,L,BOS,STL,5.19,6.5,114.0,0.467,0.266,-0.201,-146.0,0.593,0.734,0.141,0,1,2023-05-13 16:10:00,9,8.0,False,-100.0
13,Reid Detmers,L,LAA,CLE,4.55,5.5,118.0,0.459,0.306,-0.153,-150.0,0.6,0.694,0.094,0,1,2023-05-13 18:10:00,3,5.0,True,66.67
14,Cal Quantrill,R,CLE,LAA,3.69,3.5,-156.0,0.609,0.503,-0.106,122.0,0.45,0.497,0.047,0,1,2023-05-13 18:10:00,2,6.0,True,122.0
16,Tyler Wells,R,BAL,PIT,3.63,4.5,-150.0,0.6,0.3,-0.3,118.0,0.459,0.7,0.241,0,1,2023-05-13 19:05:00,8,7.0,False,-100.0
17,Zack Greinke,R,KCR,MIL,3.14,3.5,-108.0,0.519,0.385,-0.134,-118.0,0.541,0.615,0.074,0,1,2023-05-13 19:10:00,5,5.0,False,-100.0
18,Adrian Houser,R,MIL,KCR,3.45,3.5,-172.0,0.632,0.452,-0.18,134.0,0.427,0.548,0.121,0,1,2023-05-13 19:10:00,2,4.0,True,134.0
1,Tanner Bibee,R,CLE,LAA,4.77,5.5,-108.0,0.519,0.343,-0.176,-118.0,0.541,0.657,0.116,0,1,2023-05-14 11:35:00,7,7.2,False,-100.0
3,Clarke Schmidt,R,NYY,TBR,4.9,5.5,-102.0,0.505,0.367,-0.138,-124.0,0.554,0.633,0.079,0,1,2023-05-14 13:35:00,5,4.2,True,80.65
5,Kyle Gibson,R,BAL,PIT,4.47,4.5,-128.0,0.561,0.462,-0.099,100.0,0.5,0.538,0.038,0,1,2023-05-14 13:35:00,5,5.0,False,-100.0
8,Joey Wentz,L,DET,SEA,4.42,4.5,-116.0,0.537,0.453,-0.084,-110.0,0.524,0.547,0.023,0,1,2023-05-14 13:40:00,3,2.2,True,90.91
12,Louie Varland,R,MIN,CHC,5.08,5.5,104.0,0.49,0.398,-0.092,-134.0,0.573,0.602,0.029,0,1,2023-05-14 14:10:00,7,6.1,False,-100.0
14,Hunter Brown,R,HOU,CHW,4.76,4.5,-150.0,0.6,0.517,-0.083,118.0,0.459,0.483,0.024,0,1,2023-05-14 14:10:00,8,5.2,False,-100.0
20,Logan Webb,R,SFG,ARI,4.79,5.5,100.0,0.5,0.347,-0.153,-128.0,0.561,0.653,0.092,0,1,2023-05-14 16:10:00,3,7.0,True,78.12
21,Brandon Pfaadt,R,ARI,SFG,3.34,4.5,-120.0,0.545,0.245,-0.3,-106.0,0.515,0.755,0.24,0,1,2023-05-14 16:10:00,5,5.0,False,-100.0
1,Patrick Corbin,L,WAS,NYM,3.6,3.5,-152.0,0.603,0.484,-0.119,120.0,0.455,0.516,0.061,0,1,2023-05-15 16:05:00,1,6.0,True,120.0
7,Freddy Peralta,R,MIL,STL,5.14,5.5,-142.0,0.587,0.409,-0.178,112.0,0.472,0.591,0.119,0,1,2023-05-15 19:45:00,4,5.1,True,112.0
8,Jack Flaherty,R,STL,MIL,4.89,5.5,102.0,0.495,0.365,-0.13,-128.0,0.561,0.635,0.074,0,1,2023-05-15 19:45:00,10,7.0,False,-100.0
11,Framber Valdez,L,HOU,CHC,4.65,6.5,-128.0,0.561,0.189,-0.372,102.0,0.495,0.811,0.316,0,1,2023-05-15 20:10:00,8,4.0,False,-100.0
16,Merrill Kelly,R,ARI,OAK,5.89,6.5,112.0,0.472,0.375,-0.097,-142.0,0.587,0.625,0.038,0,1,2023-05-15 21:40:00,9,7.0,False,-100.0
17,Drew Rucinski,R,OAK,ARI,1.73,3.5,-102.0,0.505,0.098,-0.407,-126.0,0.558,0.902,0.344,0,1,2023-05-15 21:40:00,0,3.2,True,79.37
0,Dean Kremer,R,BAL,LAA,3.89,4.5,106.0,0.485,0.35,-0.135,-134.0,0.573,0.65,0.077,0,1,2023-05-16 18:35:00,4,5.2,True,74.63
1,Luis Ortiz,R,PIT,DET,3.86,4.5,110.0,0.476,0.343,-0.133,-140.0,0.583,0.657,0.074,0,1,2023-05-16 18:40:00,3,3.0,True,71.43
4,Jesus Luzardo,L,MIA,WAS,5.3,5.5,-132.0,0.569,0.437,-0.132,104.0,0.49,0.563,0.073,0,1,2023-05-16 18:40:00,7,6.0,False,-100.0
5,Domingo German,R,NYY,TOR,4.4,4.5,-154.0,0.606,0.449,-0.157,122.0,0.45,0.551,0.101,0,1,2023-05-16 19:07:00,2,3.0,True,122.0
6,Kevin Gausman,R,TOR,NYY,6.71,7.5,120.0,0.455,0.358,-0.097,-154.0,0.606,0.642,0.036,0,1,2023-05-16 19:07:00,10,7.0,False,-100.0
10,Jordan Montgomery,L,STL,MIL,5.46,5.5,-152.0,0.603,0.464,-0.139,120.0,0.455,0.536,0.081,0,1,2023-05-16 19:45:00,7,5.1,False,-100.0
15,Seth Lugo,R,SDP,KCR,5.01,5.5,112.0,0.472,0.385,-0.087,-142.0,0.587,0.615,0.028,0,1,2023-05-16 21:40:00,2,2.0,True,70.42
16,Kyle Muller,L,OAK,ARI,3.07,4.5,124.0,0.446,0.197,-0.249,-158.0,0.612,0.803,0.191,0,1,2023-05-16 21:40:00,3,4.0,True,63.29
0,Rich Hill,L,PIT,DET,4.53,4.5,-160.0,0.615,0.473,-0.142,126.0,0.442,0.527,0.085,0,1,2023-05-17 13:10:00,7,6.0,False,-100.0
1,Eduardo Rodriguez,L,DET,PIT,4.81,5.5,-118.0,0.541,0.35,-0.191,-108.0,0.519,0.65,0.131,0,1,2023-05-17 13:10:00,5,5.0,True,92.59
4,Dustin May,R,LAD,MIN,4.82,5.5,124.0,0.446,0.353,-0.093,-158.0,0.612,0.647,0.035,0,1,2023-05-17 15:10:00,2,1.0,True,63.29
5,Ryne Nelson,R,ARI,OAK,4.15,4.5,-132.0,0.569,0.4,-0.169,104.0,0.49,0.6,0.11,0,1,2023-05-17 15:37:00,6,5.1,False,-100.0
8,Griffin Canning,R,LAA,BAL,4.04,4.5,118.0,0.459,0.378,-0.081,-150.0,0.6,0.622,0.022,0,1,2023-05-17 18:35:00,4,5.1,True,66.67
9,Kyle Bradish,R,BAL,LAA,4.4,5.5,-102.0,0.505,0.281,-0.224,-126.0,0.558,0.719,0.161,0,1,2023-05-17 18:35:00,5,6.2,True,79.37
11,Edward Cabrera,R,MIA,WAS,4.7,5.5,-108.0,0.519,0.332,-0.187,-118.0,0.541,0.668,0.127,0,1,2023-05-17 18:40:00,6,5.0,False,-100.0
14,Marco Gonzales,L,SEA,BOS,2.93,3.5,110.0,0.476,0.336,-0.14,-140.0,0.583,0.664,0.081,0,1,2023-05-17 19:10:00,1,1.2,True,71.43
17,Nathan Eovaldi,R,TEX,ATL,5.84,6.5,120.0,0.455,0.367,-0.088,-152.0,0.603,0.633,0.03,0,1,2023-05-17 20:05:00,5,7.0,True,65.79
18,Mike Clevinger,R,CHW,CLE,3.73,4.5,-130.0,0.565,0.318,-0.247,102.0,0.495,0.682,0.187,0,1,2023-05-17 20:10:00,5,6.0,False,-100.0
1,Tyler Wells,R,BAL,LAA,3.67,5.5,-116.0,0.537,0.165,-0.372,-110.0,0.524,0.835,0.311,0,1,2023-05-18 12:35:00,7,5.0,False,-100.0
3,Tylor Megill,R,NYM,TBR,4.71,4.5,-144.0,0.59,0.507,-0.083,114.0,0.467,0.493,0.026,0,1,2023-05-18 13:10:00,4,6.0,True,114.0
6,Jose Berrios,R,TOR,NYY,4.69,5.5,108.0,0.481,0.33,-0.151,-138.0,0.58,0.67,0.09,0,1,2023-05-18 19:07:00,8,6.2,False,-100.0
2,Clarke Schmidt,R,NYY,CIN,5.43,5.5,-126.0,0.558,0.46,-0.098,-102.0,0.505,0.54,0.035,0,1,2023-05-19 18:40:00,6,5.0,False,-100.0
3,Adrian Houser,R,MIL,TBR,3.24,3.5,-108.0,0.519,0.406,-0.113,-118.0,0.541,0.594,0.053,0,1,2023-05-19 18:40:00,4,6.0,False,-100.0
4,Shane McClanahan,L,TBR,MIL,7.6,7.5,-138.0,0.58,0.489,-0.091,108.0,0.481,0.511,0.03,0,1,2023-05-19 18:40:00,7,7.0,True,108.0
6,Ranger Suarez,L,PHI,CHC,4.5,4.5,-130.0,0.565,0.467,-0.098,104.0,0.49,0.533,0.043,0,1,2023-05-19 19:05:00,4,2.0,True,104.0
9,Cal Quantrill,R,CLE,NYM,3.29,3.5,-102.0,0.505,0.418,-0.087,-124.0,0.554,0.582,0.028,0,1,2023-05-19 19:10:00,6,5.2,False,-100.0
13,Zack Greinke,R,KCR,CHW,2.93,3.5,124.0,0.446,0.337,-0.109,-158.0,0.612,0.663,0.051,0,1,2023-05-19 20:10:00,4,5.2,False,-100.0
14,Michael Kopech,R,CHW,KCR,4.65,5.5,-122.0,0.55,0.322,-0.228,-102.0,0.505,0.678,0.173,0,1,2023-05-19 20:10:00,10,8.0,False,-100.0
16,Brandon Bielak,R,HOU,OAK,4.37,4.5,-140.0,0.583,0.444,-0.139,110.0,0.476,0.556,0.08,0,1,2023-05-19 20:10:00,9,5.0,False,-100.0
19,Joe Ryan,R,MIN,LAA,5.73,6.5,-116.0,0.537,0.351,-0.186,-110.0,0.524,0.649,0.125,0,1,2023-05-19 21:38:00,9,6.0,False,-100.0
20,Reid Detmers,L,LAA,MIN,5.67,5.5,-150.0,0.6,0.5,-0.1,118.0,0.459,0.5,0.041,0,1,2023-05-19 21:38:00,12,5.2,False,-100.0
23,Sandy Alcantara,R,MIA,SFG,4.86,6.5,106.0,0.485,0.217,-0.268,-134.0,0.573,0.783,0.21,0,1,2023-05-19 22:15:00,5,5.2,True,74.63
24,Anthony DeSclafani,R,SFG,MIA,4.09,4.5,-116.0,0.537,0.388,-0.149,-110.0,0.524,0.612,0.088,0,1,2023-05-19 22:15:00,6,5.1,False,-100.0
1,Lucas Giolito,R,CHW,KCR,6.34,6.5,-126.0,0.558,0.449,-0.109,-102.0,0.505,0.551,0.046,0,1,2023-05-20 14:10:00,4,6.0,True,98.04
3,Mitch Keller,R,PIT,ARI,4.82,5.5,-110.0,0.524,0.353,-0.171,-116.0,0.537,0.647,0.11,0,1,2023-05-20 16:05:00,8,6.0,False,-100.0
8,Alex Faedo,R,DET,WAS,3.12,3.5,-106.0,0.515,0.379,-0.136,-120.0,0.545,0.621,0.076,0,1,2023-05-20 16:05:00,4,5.0,False,-100.0
11,Jon Gray,R,TEX,COL,5.27,5.5,-156.0,0.609,0.431,-0.178,124.0,0.446,0.569,0.123,0,1,2023-05-20 16:05:00,6,5.0,False,-100.0
13,Hunter Brown,R,HOU,OAK,5.47,6.5,-122.0,0.55,0.309,-0.241,-104.0,0.51,0.691,0.181,0,1,2023-05-20 16:10:00,9,6.0,False,-100.0
2,Joey Wentz,L,DET,WAS,3.17,4.5,110.0,0.476,0.215,-0.261,-140.0,0.583,0.785,0.202,0,1,2023-05-21 13:35:00,1,2.0,True,71.43
4,Justin Steele,L,CHC,PHI,5.51,5.5,-124.0,0.554,0.472,-0.082,-102.0,0.505,0.528,0.023,0,1,2023-05-21 13:35:00,6,6.0,False,-100.0
9,Dean Kremer,R,BAL,TOR,3.78,4.5,132.0,0.431,0.329,-0.102,-168.0,0.627,0.671,0.044,0,1,2023-05-21 13:37:00,7,5.1,False,-100.0
12,Freddy Peralta,R,MIL,TBR,5.3,5.5,-140.0,0.583,0.436,-0.147,110.0,0.476,0.564,0.088,0,1,2023-05-21 13:40:00,4,6.0,True,110.0
13,James Kaprielian,R,OAK,HOU,3.89,4.5,132.0,0.431,0.349,-0.082,-168.0,0.627,0.651,0.024,0,1,2023-05-21 14:10:00,5,5.0,False,-100.0
21,Pablo Lopez,R,MIN,LAA,5.72,7.5,114.0,0.467,0.218,-0.249,-146.0,0.593,0.782,0.189,0,1,2023-05-21 16:07:00,9,6.0,False,-100.0
1,Luis Ortiz,R,PIT,TEX,3.55,4.5,134.0,0.427,0.284,-0.143,-172.0,0.632,0.716,0.084,0,1,2023-05-22 18:35:00,4,7.2,True,58.14
2,Tommy Henry,L,ARI,PHI,3.68,4.5,134.0,0.427,0.309,-0.118,-172.0,0.632,0.691,0.059,0,1,2023-05-22 18:40:00,5,5.2,False,-100.0
3,Zack Wheeler,R,PHI,ARI,5.7,6.5,-108.0,0.519,0.346,-0.173,-118.0,0.541,0.654,0.113,0,1,2023-05-22 18:40:00,3,6.0,True,84.75
13,Tanner Houck,R,BOS,LAA,4.3,4.5,-130.0,0.565,0.429,-0.136,102.0,0.495,0.571,0.076,0,1,2023-05-22 21:38:00,8,6.0,False,-100.0
14,Kyle Muller,L,OAK,SEA,3.99,4.5,-110.0,0.524,0.369,-0.155,-116.0,0.537,0.631,0.094,0,1,2023-05-22 21:40:00,3,5.0,True,86.21
15,Luis Castillo,R,SEA,OAK,7.23,7.5,-132.0,0.569,0.435,-0.134,104.0,0.49,0.565,0.075,0,1,2023-05-22 21:40:00,8,6.0,False,-100.0
1,Nathan Eovaldi,R,TEX,PIT,5.56,5.5,-156.0,0.609,0.481,-0.128,124.0,0.446,0.519,0.073,0,1,2023-05-23 18:35:00,5,9.0,True,124.0
2,Rich Hill,L,PIT,TEX,4.4,4.5,-140.0,0.583,0.449,-0.134,110.0,0.476,0.551,0.075,0,1,2023-05-23 18:35:00,9,5.1,False,-100.0
4,Graham Ashcraft,R,CIN,STL,3.58,3.5,-160.0,0.615,0.48,-0.135,126.0,0.442,0.52,0.078,0,1,2023-05-23 18:40:00,5,5.0,False,-100.0
8,Kyle Bradish,R,BAL,NYY,4.61,5.5,126.0,0.442,0.317,-0.125,-160.0,0.615,0.683,0.068,0,1,2023-05-23 19:05:00,3,5.0,True,62.5
13,Drew Smyly,L,CHC,NYM,3.84,4.5,-104.0,0.51,0.341,-0.169,-122.0,0.55,0.659,0.109,0,1,2023-05-23 19:40:00,5,5.0,False,-100.0
16,Sonny Gray,R,MIN,SFG,6.04,6.5,104.0,0.49,0.4,-0.09,-134.0,0.573,0.6,0.027,0,1,2023-05-23 19:40:00,6,5.0,True,74.63
18,Brayan Bello,R,BOS,LAA,5.01,5.5,108.0,0.481,0.386,-0.095,-138.0,0.58,0.614,0.034,0,1,2023-05-23 21:38:00,6,7.0,False,-100.0
19,Griffin Canning,R,LAA,BOS,3.76,4.5,100.0,0.5,0.325,-0.175,-128.0,0.561,0.675,0.114,0,1,2023-05-23 21:38:00,5,7.0,False,-100.0
20,Marco Gonzales,L,SEA,OAK,3.54,4.5,108.0,0.481,0.282,-0.199,-138.0,0.58,0.718,0.138,0,1,2023-05-23 21:40:00,4,6.0,True,72.46
3,Ranger Suarez,L,PHI,ARI,3.93,4.5,118.0,0.459,0.358,-0.101,-150.0,0.6,0.642,0.042,0,1,2023-05-24 13:05:00,5,5.0,False,-100.0
4,Michael Kopech,R,CHW,CLE,3.86,4.5,-110.0,0.524,0.344,-0.18,-116.0,0.537,0.656,0.119,0,1,2023-05-24 13:10:00,9,7.0,False,-100.0
5,Cal Quantrill,R,CLE,CHW,3.76,4.5,112.0,0.472,0.323,-0.149,-142.0,0.587,0.677,0.09,0,1,2023-05-24 13:10:00,2,4.0,True,70.42
6,Anthony DeSclafani,R,SFG,MIN,4.73,5.5,120.0,0.455,0.337,-0.118,-152.0,0.603,0.663,0.06,0,1,2023-05-24 13:10:00,6,5.0,False,-100.0
9,Adrian Houser,R,MIL,HOU,3.14,3.5,104.0,0.49,0.385,-0.105,-134.0,0.573,0.615,0.042,0,1,2023-05-24 13:10:00,3,5.1,True,74.63
14,Tyler Wells,R,BAL,NYY,3.89,4.5,-134.0,0.573,0.351,-0.222,106.0,0.485,0.649,0.164,0,1,2023-05-24 19:05:00,8,5.0,False,-100.0
15,Nestor Cortes,L,NYY,BAL,5.33,5.5,-144.0,0.59,0.441,-0.149,114.0,0.467,0.559,0.092,0,1,2023-05-24 19:05:00,5,6.0,True,114.0
18,Zack Greinke,R,KCR,DET,3.18,3.5,-102.0,0.505,0.394,-0.111,-124.0,0.554,0.606,0.052,0,1,2023-05-24 19:40:00,5,5.0,False,-100.0
19,Sandy Alcantara,R,MIA,COL,4.4,5.5,114.0,0.467,0.28,-0.187,-144.0,0.59,0.72,0.13,0,1,2023-05-24 20:40:00,3,6.0,True,69.44
6,Blake Snell,L,SDP,WAS,5.55,5.5,-148.0,0.597,0.48,-0.117,116.0,0.463,0.52,0.057,0,1,2023-05-25 16:05:00,6,5.0,False,-100.0
8,Alex Faedo,R,DET,CHW,3.67,4.5,108.0,0.481,0.308,-0.173,-138.0,0.58,0.692,0.112,0,1,2023-05-25 18:40:00,10,6.0,False,-100.0
10,Clarke Schmidt,R,NYY,BAL,4.77,4.5,-160.0,0.615,0.519,-0.096,126.0,0.442,0.481,0.039,0,1,2023-05-25 19:05:00,4,5.0,True,126.0
13,Kyle Hendricks,R,CHC,NYM,3.61,3.5,-136.0,0.576,0.486,-0.09,108.0,0.481,0.514,0.033,0,1,2023-05-25 19:40:00,5,4.1,False,-100.0
15,Logan Gilbert,R,SEA,OAK,6.37,7.5,114.0,0.467,0.308,-0.159,-146.0,0.593,0.692,0.099,0,1,2023-05-25 21:40:00,6,8.0,True,68.49
0,Hunter Greene,R,CIN,CHC,7.1,7.5,-104.0,0.51,0.416,-0.094,-122.0,0.55,0.584,0.034,0,1,2023-05-26 14:20:00,11,6.0,False,-100.0
4,Joey Wentz,L,DET,CHW,3.6,4.5,100.0,0.5,0.293,-0.207,-128.0,0.561,0.707,0.146,0,1,2023-05-26 18:40:00,4,4.0,True,78.12
7,Matthew Liberatore,L,STL,CLE,3.73,4.5,130.0,0.435,0.319,-0.116,-166.0,0.624,0.681,0.057,0,1,2023-05-26 19:10:00,2,5.0,True,60.24
11,Louie Varland,R,MIN,TOR,4.67,4.5,-156.0,0.609,0.499,-0.11,124.0,0.446,0.501,0.055,0,1,2023-05-26 20:10:00,3,6.0,True,124.0
13,Freddy Peralta,R,MIL,SFG,6.12,6.5,-118.0,0.541,0.414,-0.127,-106.0,0.515,0.586,0.071,0,1,2023-05-26 20:10:00,4,2.1,True,94.34
19,Reid Detmers,L,LAA,MIA,5.3,5.5,-160.0,0.615,0.436,-0.179,126.0,0.442,0.564,0.122,0,1,2023-05-26 21:38:00,5,5.0,True,126.0
21,James Kaprielian,R,OAK,HOU,3.92,4.5,110.0,0.476,0.355,-0.121,-140.0,0.583,0.645,0.062,0,1,2023-05-26 21:40:00,4,5.0,True,71.43
22,Chris Sale,L,BOS,ARI,5.46,6.5,112.0,0.472,0.308,-0.164,-142.0,0.587,0.692,0.105,0,1,2023-05-26 21:40:00,3,5.0,True,70.42
23,Mitch Keller,R,PIT,SEA,6.16,6.5,-116.0,0.537,0.419,-0.118,-110.0,0.524,0.581,0.057,0,1,2023-05-26 22:10:00,8,6.0,False,-100.0
24,George Kirby,R,SEA,PIT,5.15,5.5,-116.0,0.537,0.41,-0.127,-110.0,0.524,0.59,0.066,0,1,2023-05-26 22:10:00,4,4.2,True,90.91
6,Michael Lorenzen,R,DET,CHW,4.75,4.5,-168.0,0.627,0.515,-0.112,130.0,0.435,0.485,0.05,0,1,2023-05-27 13:10:00,4,6.2,True,130.0
7,Chris Bassitt,R,TOR,MIN,5.07,5.5,-110.0,0.524,0.396,-0.128,-116.0,0.537,0.604,0.067,0,1,2023-05-27 14:10:00,5,4.0,True,86.21
9,Dean Kremer,R,BAL,TEX,4.04,5.5,130.0,0.435,0.222,-0.213,-166.0,0.624,0.778,0.154,0,1,2023-05-27 16:05:00,5,6.1,True,60.24
10,Tyler Glasnow,R,TBR,LAD,4.84,6.5,106.0,0.485,0.215,-0.27,-134.0,0.573,0.785,0.212,0,1,2023-05-27 16:10:00,8,4.1,False,-100.0
13,Josiah Gray,R,WAS,KCR,4.53,4.5,-130.0,0.565,0.473,-0.092,102.0,0.495,0.527,0.032,0,1,2023-05-27 16:10:00,4,4.0,True,102.0
19,Zach Davies,R,ARI,BOS,3.17,3.5,100.0,0.5,0.391,-0.109,-128.0,0.561,0.609,0.048,0,1,2023-05-27 19:15:00,3,3.1,True,78.12
21,Jack Flaherty,R,STL,CLE,4.44,4.5,-122.0,0.55,0.457,-0.093,-104.0,0.51,0.543,0.033,0,1,2023-05-27 19:15:00,4,7.0,True,96.15
1,Eduardo Rodriguez,L,DET,CHW,5.41,5.5,-118.0,0.541,0.455,-0.086,-108.0,0.519,0.545,0.026,0,1,2023-05-28 13:40:00,6,6.0,False,-100.0
3,MacKenzie Gore,L,WAS,KCR,4.58,5.5,108.0,0.481,0.311,-0.17,-138.0,0.58,0.689,0.109,0,1,2023-05-28 14:10:00,11,7.0,False,-100.0
5,Drew Smyly,L,CHC,CIN,4.85,5.5,112.0,0.472,0.358,-0.114,-142.0,0.587,0.642,0.055,0,1,2023-05-28 14:20:00,2,4.2,True,70.42
8,Marco Gonzales,L,SEA,PIT,3.77,4.5,108.0,0.481,0.326,-0.155,-138.0,0.58,0.674,0.094,0,1,2023-05-28 16:10:00,4,5.2,True,72.46
9,Kyle Bradish,R,BAL,TEX,4.43,4.5,-134.0,0.573,0.454,-0.119,104.0,0.49,0.546,0.056,0,1,2023-05-28 13:35:00,4,6.2,True,104.0
13,Hunter Gaddis,R,CLE,STL,2.67,3.5,-156.0,0.609,0.28,-0.329,122.0,0.45,0.72,0.27,0,1,2023-05-28 13:40:00,3,4.2,True,122.0
16,Jose Berrios,R,TOR,MIN,4.54,6.5,126.0,0.442,0.174,-0.268,-160.0,0.615,0.826,0.211,0,1,2023-05-28 14:10:00,5,5.2,True,62.5
20,Eury Perez,R,MIA,LAA,4.9,5.5,116.0,0.463,0.366,-0.097,-146.0,0.593,0.634,0.041,0,1,2023-05-28 16:07:00,3,5.0,True,68.49
22,Tanner Houck,R,BOS,ARI,3.94,4.5,126.0,0.442,0.36,-0.082,-160.0,0.615,0.64,0.025,0,1,2023-05-28 16:10:00,4,4.0,True,62.5
24,Luis Ortiz,R,PIT,SEA,3.64,4.5,-142.0,0.587,0.302,-0.285,112.0,0.472,0.698,0.226,0,1,2023-05-28 16:10:00,6,5.0,False,-100.0
1,Rich Hill,L,PIT,SFG,4.1,5.5,122.0,0.45,0.231,-0.219,-156.0,0.609,0.769,0.16,0,1,2023-05-29 17:05:00,3,6.0,True,64.1
2,Tyler Wells,R,BAL,CLE,3.91,4.5,118.0,0.459,0.353,-0.106,-150.0,0.6,0.647,0.047,0,1,2023-05-29 13:05:00,7,6.0,False,-100.0
3,Nathan Eovaldi,R,TEX,DET,5.76,6.5,102.0,0.495,0.356,-0.139,-130.0,0.565,0.644,0.079,0,1,2023-05-29 13:10:00,4,5.0,True,76.92
4,Taj Bradley,R,TBR,CHC,4.48,5.5,118.0,0.459,0.293,-0.166,-150.0,0.6,0.707,0.107,0,1,2023-05-29 14:20:00,8,5.2,False,-100.0
7,Ryne Nelson,R,ARI,COL,3.41,4.5,124.0,0.446,0.258,-0.188,-156.0,0.609,0.742,0.133,0,1,2023-05-29 16:10:00,1,5.0,True,64.1
9,J.P. France,R,HOU,MIN,4.48,6.5,120.0,0.455,0.166,-0.289,-152.0,0.603,0.834,0.231,0,1,2023-05-29 16:10:00,8,6.0,False,-100.0
12,Griffin Canning,R,LAA,CHW,4.33,4.5,-132.0,0.569,0.436,-0.133,104.0,0.49,0.564,0.074,0,1,2023-05-29 20:10:00,9,6.0,False,-100.0
13,Michael Kopech,R,CHW,LAA,4.65,6.5,108.0,0.481,0.189,-0.292,-138.0,0.58,0.811,0.231,0,1,2023-05-29 20:10:00,10,4.1,False,-100.0
16,Domingo German,R,NYY,SEA,4.56,5.5,100.0,0.5,0.307,-0.193,-128.0,0.561,0.693,0.132,0,1,2023-05-29 21:40:00,4,6.1,True,78.12
17,Bryce Miller,R,SEA,NYY,4.48,5.5,124.0,0.446,0.293,-0.153,-158.0,0.612,0.707,0.095,0,1,2023-05-29 21:40:00,3,4.2,True,63.29
1,Yusei Kikuchi,L,TOR,MIL,4.47,5.5,-136.0,0.576,0.293,-0.283,108.0,0.481,0.707,0.226,0,1,2023-05-30 19:07:00,4,5.0,True,108.0
3,Shane McClanahan,L,TBR,CHC,6.46,6.5,-152.0,0.603,0.467,-0.136,120.0,0.455,0.533,0.078,0,1,2023-05-30 20:05:00,7,5.2,False,-100.0
5,Nestor Cortes,L,NYY,SEA,5.84,6.5,112.0,0.472,0.368,-0.104,-144.0,0.59,0.632,0.042,0,1,2023-05-30 21:40:00,6,5.0,True,69.44
7,JP Sears,L,OAK,ATL,4.74,4.5,-160.0,0.615,0.513,-0.102,126.0,0.442,0.487,0.045,0,1,2023-05-30 21:40:00,2,6.0,True,126.0
8,Alex Faedo,R,DET,TEX,4.15,4.5,-118.0,0.541,0.4,-0.141,-108.0,0.519,0.6,0.081,0,1,2023-05-30 18:40:00,4,4.1,True,92.59
9,Sandy Alcantara,R,MIA,SDP,4.5,5.5,-126.0,0.558,0.298,-0.26,-102.0,0.505,0.702,0.197,0,1,2023-05-30 18:40:00,3,6.1,True,98.04
13,Brayan Bello,R,BOS,CIN,4.57,5.5,-104.0,0.51,0.309,-0.201,-122.0,0.55,0.691,0.141,0,1,2023-05-30 19:10:00,4,4.0,True,81.97
14,Kodai Senga,R,NYM,PHI,4.63,5.5,-140.0,0.583,0.319,-0.264,110.0,0.476,0.681,0.205,0,1,2023-05-30 19:10:00,9,7.0,False,-100.0
15,Miles Mikolas,R,STL,KCR,4.27,4.5,-146.0,0.593,0.423,-0.17,114.0,0.467,0.577,0.11,0,1,2023-05-30 19:45:00,10,8.0,False,-100.0
18,Brandon Bielak,R,HOU,MIN,4.34,4.5,-126.0,0.558,0.437,-0.121,-102.0,0.505,0.563,0.058,0,1,2023-05-30 20:10:00,6,5.2,False,-100.0
19,Lucas Giolito,R,CHW,LAA,5.84,6.5,100.0,0.5,0.369,-0.131,-128.0,0.561,0.631,0.07,0,1,2023-05-30 20:10:00,5,5.0,True,78.12
21,Zac Gallen,R,ARI,COL,5.32,6.5,-108.0,0.519,0.286,-0.233,-118.0,0.541,0.714,0.173,0,1,2023-05-30 21:40:00,7,6.0,False,-100.0
0,Joey Wentz,L,DET,TEX,3.82,4.5,120.0,0.455,0.336,-0.119,-152.0,0.603,0.664,0.061,0,1,2023-05-31 13:10:00,5,4.1,False,-100.0
4,Patrick Corbin,L,WAS,LAD,3.12,4.5,128.0,0.439,0.206,-0.233,-160.0,0.615,0.794,0.179,0,1,2023-05-31 16:10:00,2,5.0,True,62.5
8,Tommy Henry,L,ARI,COL,3.55,4.5,120.0,0.455,0.285,-0.17,-152.0,0.603,0.715,0.112,0,1,2023-05-31 21:40:00,7,7.0,False,-100.0
10,Lance Lynn,R,CHW,LAA,6.06,6.5,-118.0,0.541,0.404,-0.137,-108.0,0.519,0.596,0.077,0,1,2023-05-31 14:10:00,4,4.0,True,92.59
13,Mitch Keller,R,PIT,SFG,5.66,6.5,-122.0,0.55,0.339,-0.211,-106.0,0.515,0.661,0.146,0,1,2023-05-31 15:45:00,8,6.0,False,-100.0
16,Alek Manoah,R,TOR,MIL,4.93,5.5,106.0,0.485,0.372,-0.113,-134.0,0.573,0.628,0.055,0,1,2023-05-31 19:07:00,2,4.0,True,74.63
19,Carlos Carrasco,R,NYM,PHI,4.22,4.5,-102.0,0.505,0.414,-0.091,-126.0,0.558,0.586,0.028,0,1,2023-05-31 19:10:00,4,6.0,True,79.37
21,Hunter Brown,R,HOU,MIN,5.38,7.5,120.0,0.455,0.177,-0.278,-154.0,0.606,0.823,0.217,0,1,2023-05-31 20:10:00,8,4.2,False,-100.0
22,Clarke Schmidt,R,NYY,SEA,4.95,5.5,-154.0,0.606,0.375,-0.231,122.0,0.45,0.625,0.175,0,1,2023-05-31 21:40:00,7,5.2,False,-100.0
0,Jesus Luzardo,L,MIA,KCR,6.11,7.5,102.0,0.495,0.271,-0.224,-130.0,0.565,0.729,0.164,0,1,2023-06-06 18:40:00,8,7.0,False,-100.0
7,Zach Eflin,R,TBR,MIN,5.19,5.5,-120.0,0.545,0.418,-0.127,-106.0,0.515,0.582,0.067,0,1,2023-06-06 18:40:00,9,6.2,False,-100.0
11,Mitch Keller,R,PIT,OAK,5.79,6.5,-126.0,0.558,0.359,-0.199,-102.0,0.505,0.641,0.136,0,1,2023-06-06 19:05:00,1,5.1,True,98.04
13,Kevin Gausman,R,TOR,HOU,6.37,7.5,106.0,0.485,0.309,-0.176,-134.0,0.573,0.691,0.118,0,1,2023-06-06 19:07:00,13,7.0,False,-100.0
14,Shane Bieber,R,CLE,BOS,4.92,5.5,114.0,0.467,0.369,-0.098,-144.0,0.59,0.631,0.041,0,1,2023-06-06 19:10:00,2,5.2,True,69.44
19,Kyle Gibson,R,BAL,MIL,4.26,4.5,-150.0,0.6,0.421,-0.179,120.0,0.455,0.579,0.124,0,1,2023-06-06 19:40:00,7,5.0,False,-100.0
20,Freddy Peralta,R,MIL,BAL,5.42,5.5,-128.0,0.561,0.458,-0.103,100.0,0.5,0.542,0.042,0,1,2023-06-06 19:40:00,9,5.0,False,-100.0
0,Clayton Kershaw,L,LAD,CIN,6.43,7.5,110.0,0.476,0.317,-0.159,-140.0,0.583,0.683,0.1,0,1,2023-06-08 12:35:00,9,7.0,False,-100.0
1,Framber Valdez,L,HOU,TOR,3.75,5.5,118.0,0.459,0.177,-0.282,-150.0,0.6,0.823,0.223,0,1,2023-06-08 19:07:00,5,5.0,True,66.67
3,Reid Detmers,L,LAA,CHC,5.09,6.5,120.0,0.455,0.251,-0.204,-152.0,0.603,0.749,0.146,0,1,2023-06-08 21:38:00,8,5.2,False,-100.0
7,Chase Anderson,R,COL,SFG,3.09,3.5,102.0,0.495,0.372,-0.123,-128.0,0.561,0.628,0.067,0,1,2023-06-08 15:10:00,7,5.1,False,-100.0
10,Jose Berrios,R,TOR,HOU,4.41,4.5,-128.0,0.561,0.452,-0.109,100.0,0.5,0.548,0.048,0,1,2023-06-08 19:07:00,2,6.0,True,100.0
1,Rich Hill,L,PIT,NYM,4.15,4.5,-128.0,0.561,0.4,-0.161,100.0,0.5,0.6,0.1,0,1,2023-06-09 19:05:00,6,7.0,False,-100.0
4,Yusei Kikuchi,L,TOR,MIN,4.54,5.5,-140.0,0.583,0.303,-0.28,110.0,0.476,0.697,0.221,0,1,2023-06-09 19:07:00,4,5.0,True,110.0
6,Jordan Montgomery,L,STL,CIN,4.85,5.5,-108.0,0.519,0.358,-0.161,-118.0,0.541,0.642,0.101,0,1,2023-06-09 20:15:00,6,6.0,False,-100.0
8,Merrill Kelly,R,ARI,DET,4.76,6.5,116.0,0.463,0.204,-0.259,-146.0,0.593,0.796,0.203,0,1,2023-06-09 18:40:00,5,6.1,True,68.49
10,Tyler Glasnow,R,TBR,TEX,5.93,7.5,-134.0,0.573,0.246,-0.327,106.0,0.485,0.754,0.269,0,1,2023-06-09 18:40:00,6,6.0,True,106.0
11,Tylor Megill,R,NYM,PIT,4.23,4.5,-108.0,0.519,0.416,-0.103,-118.0,0.541,0.584,0.043,0,1,2023-06-09 19:05:00,1,3.2,True,84.75
12,Tyler Wells,R,BAL,KCR,4.27,6.5,120.0,0.455,0.141,-0.314,-154.0,0.606,0.859,0.253,0,1,2023-06-09 19:05:00,4,6.2,True,64.94
13,Garrett Whitlock,R,BOS,NYY,4.21,4.5,102.0,0.495,0.411,-0.084,-130.0,0.565,0.589,0.024,0,1,2023-06-09 19:05:00,6,6.1,False,-100.0
1,Cole Irvin,L,BAL,KCR,3.88,4.5,124.0,0.446,0.349,-0.097,-158.0,0.612,0.651,0.039,0,1,2023-06-10 16:05:00,5,5.1,False,-100.0
2,MacKenzie Gore,L,WAS,ATL,4.74,6.5,106.0,0.485,0.201,-0.284,-136.0,0.576,0.799,0.223,0,1,2023-06-10 16:10:00,3,5.0,True,73.53
4,Patrick Sandoval,L,LAA,SEA,4.8,5.5,112.0,0.472,0.349,-0.123,-142.0,0.587,0.651,0.064,0,1,2023-06-10 22:07:00,8,5.0,False,-100.0
5,Ryne Nelson,R,ARI,DET,2.95,4.5,112.0,0.472,0.177,-0.295,-142.0,0.587,0.823,0.236,0,1,2023-06-10 13:10:00,4,5.2,True,70.42
6,Sandy Alcantara,R,MIA,CHW,4.21,5.5,-156.0,0.609,0.249,-0.36,122.0,0.45,0.751,0.301,0,1,2023-06-10 14:10:00,4,7.0,True,122.0
7,Michael Kopech,R,CHW,MIA,4.96,5.5,-150.0,0.6,0.377,-0.223,118.0,0.459,0.623,0.164,0,1,2023-06-10 14:10:00,6,5.0,False,-100.0
8,Miles Mikolas,R,STL,CIN,4.36,4.5,-126.0,0.558,0.442,-0.116,-102.0,0.505,0.558,0.053,0,1,2023-06-10 14:15:00,2,6.0,True,98.04
10,Bobby Miller,R,LAD,PHI,4.68,5.5,102.0,0.495,0.327,-0.168,-130.0,0.565,0.673,0.108,0,1,2023-06-10 16:05:00,7,6.0,False,-100.0
12,Kodai Senga,R,NYM,PIT,4.68,5.5,-126.0,0.558,0.327,-0.231,-102.0,0.505,0.673,0.168,0,1,2023-06-10 16:05:00,6,7.0,False,-100.0
15,Julio Teheran,R,MIL,OAK,3.54,4.5,100.0,0.5,0.282,-0.218,-128.0,0.561,0.718,0.157,0,1,2023-06-10 16:10:00,6,7.0,False,-100.0
17,Taj Bradley,R,TBR,TEX,4.68,5.5,-130.0,0.565,0.327,-0.238,102.0,0.495,0.673,0.178,0,1,2023-06-10 16:10:00,4,3.2,True,102.0
19,Triston McKenzie,R,CLE,HOU,5.32,6.5,110.0,0.476,0.286,-0.19,-140.0,0.583,0.714,0.131,0,1,2023-06-10 18:10:00,5,5.0,True,71.43
20,Tanner Houck,R,BOS,NYY,4.12,5.5,128.0,0.439,0.234,-0.205,-164.0,0.621,0.766,0.145,0,1,2023-06-10 19:35:00,6,6.0,False,-100.0
21,Domingo German,R,NYY,BOS,4.59,5.5,124.0,0.446,0.313,-0.133,-158.0,0.612,0.687,0.075,0,1,2023-06-10 19:35:00,5,6.0,True,63.29
1,Shane McClanahan,L,TBR,TEX,6.5,6.5,-152.0,0.603,0.473,-0.13,120.0,0.455,0.527,0.072,0,1,2023-06-11 13:40:00,5,7.0,True,120.0
3,JP Sears,L,OAK,MIL,4.7,5.5,-146.0,0.593,0.331,-0.262,114.0,0.467,0.669,0.202,0,1,2023-06-11 14:10:00,5,5.0,True,114.0
5,Zac Gallen,R,ARI,DET,5.36,6.5,-110.0,0.524,0.291,-0.233,-116.0,0.537,0.709,0.172,0,1,2023-06-11 11:35:00,5,5.2,True,86.21
7,Shane Bieber,R,CLE,HOU,4.77,4.5,-156.0,0.609,0.518,-0.091,122.0,0.45,0.482,0.032,0,1,2023-06-11 12:40:00,9,7.0,False,-100.0
10,Trevor Williams,R,WAS,ATL,3.53,3.5,-128.0,0.561,0.469,-0.092,100.0,0.5,0.531,0.031,0,1,2023-06-11 13:35:00,6,5.0,False,-100.0
13,Kevin Gausman,R,TOR,MIN,6.53,8.5,106.0,0.485,0.212,-0.273,-134.0,0.573,0.788,0.215,0,1,2023-06-11 13:37:00,4,4.2,True,74.63
15,Freddy Peralta,R,MIL,OAK,5.71,7.5,102.0,0.495,0.217,-0.278,-130.0,0.565,0.783,0.218,0,1,2023-06-11 14:10:00,5,5.0,True,76.92
17,Adam Wainwright,R,STL,CIN,3.91,4.5,104.0,0.49,0.353,-0.137,-134.0,0.573,0.647,0.074,0,1,2023-06-11 14:15:00,2,5.2,True,74.63
21,Griffin Canning,R,LAA,SEA,4.98,5.5,-110.0,0.524,0.38,-0.144,-116.0,0.537,0.62,0.083,0,1,2023-06-11 16:07:00,7,5.0,False,-100.0
22,Brayan Bello,R,BOS,NYY,4.56,5.5,102.0,0.495,0.308,-0.187,-130.0,0.565,0.692,0.127,0,1,2023-06-11 19:10:00,3,7.0,True,76.92
23,Clarke Schmidt,R,NYY,BOS,4.79,4.5,-158.0,0.612,0.522,-0.09,124.0,0.446,0.478,0.032,0,1,2023-06-11 19:10:00,4,5.1,True,124.0
0,James Paxton,L,BOS,COL,6.74,7.5,-116.0,0.537,0.363,-0.174,-112.0,0.528,0.637,0.109,0,1,2023-06-12 19:10:00,8,6.0,False,-100.0
1,Matthew Liberatore,L,STL,SFG,3.77,4.5,116.0,0.463,0.326,-0.137,-148.0,0.597,0.674,0.077,0,1,2023-06-12 19:45:00,5,6.0,False,-100.0
3,Tommy Henry,L,ARI,PHI,3.55,4.5,106.0,0.485,0.285,-0.2,-134.0,0.573,0.715,0.142,0,1,2023-06-12 21:40:00,6,4.2,False,-100.0
4,Jesus Luzardo,L,MIA,SEA,6.18,6.5,-150.0,0.6,0.423,-0.177,118.0,0.459,0.577,0.118,0,1,2023-06-12 21:40:00,3,4.0,True,118.0
9,Zack Greinke,R,KCR,CIN,3.41,3.5,-116.0,0.537,0.443,-0.094,-110.0,0.524,0.557,0.033,0,1,2023-06-12 20:10:00,4,5.0,False,-100.0
10,Zach Eflin,R,TBR,OAK,5.43,5.5,-124.0,0.554,0.459,-0.095,-102.0,0.505,0.541,0.036,0,1,2023-06-12 21:40:00,6,4.2,False,-100.0
0,Patrick Corbin,L,WAS,HOU,2.96,3.5,110.0,0.476,0.345,-0.131,-140.0,0.583,0.655,0.072,0,1,2023-06-13 20:10:00,5,5.0,False,-100.0
5,Kutter Crawford,R,BOS,COL,4.26,4.5,-148.0,0.597,0.422,-0.175,116.0,0.463,0.578,0.115,0,1,2023-06-13 19:10:00,5,4.0,False,-100.0
7,Max Scherzer,R,NYM,NYY,6.32,7.5,104.0,0.49,0.301,-0.189,-130.0,0.565,0.699,0.134,0,1,2023-06-13 19:10:00,2,3.1,True,76.92
11,Jack Flaherty,R,STL,SFG,4.6,5.5,-112.0,0.528,0.314,-0.214,-112.0,0.528,0.686,0.158,0,1,2023-06-13 19:45:00,3,4.1,True,89.29
14,Edward Cabrera,R,MIA,SEA,5.66,6.5,-108.0,0.519,0.339,-0.18,-118.0,0.541,0.661,0.12,0,1,2023-06-13 21:40:00,4,4.0,True,84.75
17,Zach Davies,R,ARI,PHI,3.28,3.5,-122.0,0.55,0.415,-0.135,-104.0,0.51,0.585,0.075,0,1,2023-06-13 21:40:00,4,3.0,False,-100.0
0,Jordan Montgomery,L,STL,SFG,4.81,5.5,110.0,0.476,0.351,-0.125,-140.0,0.583,0.649,0.066,0,1,2023-06-14 13:15:00,7,6.1,False,-100.0
2,Reid Detmers,L,LAA,TEX,5.12,5.5,-132.0,0.569,0.405,-0.164,104.0,0.49,0.595,0.105,0,1,2023-06-14 20:05:00,8,6.0,False,-100.0
4,Framber Valdez,L,HOU,WAS,5.08,6.5,112.0,0.472,0.25,-0.222,-142.0,0.587,0.75,0.163,0,1,2023-06-14 20:10:00,6,7.0,True,70.42
7,Clayton Kershaw,L,LAD,CHW,6.74,7.5,108.0,0.481,0.362,-0.119,-136.0,0.576,0.638,0.062,0,1,2023-06-14 22:10:00,5,6.0,True,73.53
14,Garrett Whitlock,R,BOS,COL,4.21,5.5,120.0,0.455,0.249,-0.206,-152.0,0.603,0.751,0.148,0,1,2023-06-14 19:10:00,7,7.0,False,-100.0
16,Justin Verlander,R,NYM,NYY,5.63,6.5,114.0,0.467,0.334,-0.133,-146.0,0.593,0.666,0.073,0,1,2023-06-14 19:10:00,6,6.0,True,68.49
19,Eury Perez,R,MIA,SEA,5.12,5.5,-106.0,0.515,0.405,-0.11,-118.0,0.541,0.595,0.054,0,1,2023-06-14 21:40:00,6,6.0,False,-100.0
21,Merrill Kelly,R,ARI,PHI,4.76,5.5,-150.0,0.6,0.342,-0.258,118.0,0.459,0.658,0.199,0,1,2023-06-14 21:40:00,7,6.0,False,-100.0
22,Aaron Civale,R,CLE,SDP,3.93,4.5,-106.0,0.515,0.358,-0.157,-120.0,0.545,0.642,0.097,0,1,2023-06-14 21:40:00,7,3.2,False,-100.0
24,Tyler Glasnow,R,TBR,OAK,5.95,8.5,-110.0,0.524,0.148,-0.376,-116.0,0.537,0.852,0.315,0,1,2023-06-14 21:40:00,6,5.1,True,86.21
26,Mike Clevinger,R,CHW,LAD,4.21,4.5,-106.0,0.515,0.413,-0.102,-122.0,0.55,0.587,0.037,0,1,2023-06-14 22:10:00,5,4.2,False,-100.0
0,Yusei Kikuchi,L,TOR,BAL,4.4,5.5,112.0,0.472,0.281,-0.191,-144.0,0.59,0.719,0.129,0,1,2023-06-15 13:05:00,7,4.2,False,-100.0
2,MacKenzie Gore,L,WAS,HOU,4.54,5.5,120.0,0.455,0.304,-0.151,-152.0,0.603,0.696,0.093,0,1,2023-06-15 20:10:00,4,5.2,True,65.79
4,Tyler Wells,R,BAL,TOR,4.19,4.5,-128.0,0.561,0.409,-0.152,100.0,0.5,0.591,0.091,0,1,2023-06-15 13:05:00,8,6.2,False,-100.0
5,Taj Bradley,R,TBR,OAK,5.05,5.5,-136.0,0.576,0.393,-0.183,108.0,0.481,0.607,0.126,0,1,2023-06-15 15:37:00,11,4.1,False,-100.0
8,Ryne Nelson,R,ARI,PHI,3.01,4.5,126.0,0.442,0.186,-0.256,-160.0,0.615,0.814,0.199,0,1,2023-06-15 15:40:00,5,4.0,False,-100.0
9,Sonny Gray,R,MIN,DET,6.18,6.5,-106.0,0.515,0.423,-0.092,-120.0,0.545,0.577,0.032,0,1,2023-06-15 19:10:00,3,4.0,True,83.33
12,Nathan Eovaldi,R,TEX,LAA,5.7,6.5,108.0,0.481,0.345,-0.136,-136.0,0.576,0.655,0.079,0,1,2023-06-15 20:05:00,9,7.0,False,-100.0
0,Cole Irvin,L,BAL,CHC,3.99,4.5,124.0,0.446,0.37,-0.076,-156.0,0.609,0.63,0.021,0,1,2023-06-16 14:20:00,4,4.0,True,64.1
4,Rich Hill,L,PIT,MIL,4.15,5.5,-122.0,0.55,0.239,-0.311,-104.0,0.51,0.761,0.251,0,1,2023-06-16 20:10:00,5,5.0,True,96.15
6,JP Sears,L,OAK,PHI,4.77,5.5,-104.0,0.51,0.343,-0.167,-122.0,0.55,0.657,0.107,0,1,2023-06-16 21:40:00,7,7.0,False,-100.0
9,Sandy Alcantara,R,MIA,WAS,4.23,4.5,-132.0,0.569,0.415,-0.154,104.0,0.49,0.585,0.095,0,1,2023-06-16 19:05:00,1,5.1,True,104.0
10,Trevor Williams,R,WAS,MIA,3.49,4.5,118.0,0.459,0.273,-0.186,-150.0,0.6,0.727,0.127,0,1,2023-06-16 19:05:00,2,4.1,True,66.67
12,Tanner Houck,R,BOS,NYY,4.1,5.5,108.0,0.481,0.231,-0.25,-138.0,0.58,0.769,0.189,0,1,2023-06-16 19:10:00,2,4.0,True,72.46
14,Tylor Megill,R,NYM,STL,4.14,4.5,-106.0,0.515,0.399,-0.116,-120.0,0.545,0.601,0.056,0,1,2023-06-16 19:10:00,7,6.0,False,-100.0
16,Kevin Gausman,R,TOR,TEX,6.45,7.5,118.0,0.459,0.32,-0.139,-150.0,0.6,0.68,0.08,0,1,2023-06-16 20:05:00,4,6.0,True,66.67
17,J.P. France,R,HOU,CIN,4.7,5.5,-102.0,0.505,0.331,-0.174,-124.0,0.554,0.669,0.115,0,1,2023-06-16 20:10:00,3,6.2,True,80.65
21,Taijuan Walker,R,PHI,OAK,4.47,5.5,122.0,0.45,0.292,-0.158,-154.0,0.606,0.708,0.102,0,1,2023-06-16 21:40:00,8,8.0,False,-100.0
23,Michael Kopech,R,CHW,SEA,5.05,7.5,114.0,0.467,0.138,-0.329,-144.0,0.59,0.862,0.272,0,1,2023-06-16 22:10:00,4,4.1,True,69.44
24,Bryan Woo,R,SEA,CHW,4.7,5.5,-110.0,0.524,0.331,-0.193,-116.0,0.537,0.669,0.132,0,1,2023-06-16 22:10:00,9,5.2,False,-100.0
5,Kyle Gibson,R,BAL,CHC,4.35,4.5,-110.0,0.524,0.439,-0.085,-116.0,0.537,0.561,0.024,0,1,2023-06-17 14:20:00,7,6.0,False,-100.0
7,Mitch Keller,R,PIT,MIL,5.57,6.5,100.0,0.5,0.326,-0.174,-128.0,0.561,0.674,0.113,0,1,2023-06-17 16:10:00,7,5.0,False,-100.0
9,Brandon Bielak,R,HOU,CIN,4.07,4.5,-106.0,0.515,0.385,-0.13,-122.0,0.55,0.615,0.065,0,1,2023-06-17 16:10:00,3,4.2,True,81.97
11,Bryce Elder,R,ATL,COL,4.96,5.5,-110.0,0.524,0.376,-0.148,-116.0,0.537,0.624,0.087,0,1,2023-06-17 16:10:00,4,6.0,True,86.21
12,Lucas Giolito,R,CHW,SEA,6.1,6.5,-112.0,0.528,0.409,-0.119,-112.0,0.528,0.591,0.063,0,1,2023-06-17 16:10:00,5,5.0,True,89.29
15,Kodai Senga,R,NYM,STL,4.84,5.5,-152.0,0.603,0.355,-0.248,120.0,0.455,0.645,0.19,0,1,2023-06-17 16:10:00,8,6.2,False,-100.0
1,Patrick Corbin,L,WAS,MIA,3.2,4.5,120.0,0.455,0.22,-0.235,-150.0,0.6,0.78,0.18,0,1,2023-06-18 13:35:00,3,6.0,True,66.67
5,Dean Kremer,R,BAL,CHC,4.22,4.5,-118.0,0.541,0.414,-0.127,-108.0,0.519,0.586,0.067,0,1,2023-06-18 13:05:00,7,5.0,False,-100.0
8,Charlie Morton,R,ATL,COL,6.37,7.5,-110.0,0.524,0.308,-0.216,-116.0,0.537,0.692,0.155,0,1,2023-06-18 13:35:00,8,5.0,False,-100.0
13,Luis Ortiz,R,PIT,MIL,3.72,4.5,104.0,0.49,0.316,-0.174,-132.0,0.569,0.684,0.115,0,1,2023-06-18 14:10:00,6,4.2,False,-100.0
14,Freddy Peralta,R,MIL,PIT,5.82,6.5,120.0,0.455,0.364,-0.091,-154.0,0.606,0.636,0.03,0,1,2023-06-18 14:10:00,9,6.0,False,-100.0
17,Zack Wheeler,R,PHI,OAK,6.56,7.5,-148.0,0.597,0.337,-0.26,116.0,0.463,0.663,0.2,0,1,2023-06-18 16:07:00,4,6.0,True,116.0
18,Lance Lynn,R,CHW,SEA,6.15,6.5,-116.0,0.537,0.418,-0.119,-110.0,0.524,0.582,0.058,0,1,2023-06-18 16:10:00,16,7.0,False,-100.0
19,Bryce Miller,R,SEA,CHW,4.61,5.5,-110.0,0.524,0.315,-0.209,-116.0,0.537,0.685,0.148,0,1,2023-06-18 16:10:00,6,7.0,False,-100.0
2,Brandon Williamson,L,CIN,COL,3.84,4.5,-102.0,0.505,0.34,-0.165,-126.0,0.558,0.66,0.102,0,1,2023-06-19 19:10:00,5,5.0,False,-100.0
3,James Paxton,L,BOS,MIN,6.65,6.5,-144.0,0.59,0.498,-0.092,114.0,0.467,0.502,0.035,0,1,2023-06-19 19:40:00,7,6.1,False,-100.0
5,Josiah Gray,R,WAS,STL,4.32,4.5,-142.0,0.587,0.434,-0.153,112.0,0.472,0.566,0.094,0,1,2023-06-19 16:05:00,6,5.0,False,-100.0
6,Jose Berrios,R,TOR,MIA,4.38,4.5,-128.0,0.561,0.445,-0.116,102.0,0.495,0.555,0.06,0,1,2023-06-19 18:40:00,4,4.0,True,102.0
8,Reese Olson,R,DET,KCR,4.19,4.5,-136.0,0.576,0.409,-0.167,108.0,0.481,0.591,0.11,0,1,2023-06-19 18:40:00,8,6.0,False,-100.0
11,Merrill Kelly,R,ARI,MIL,4.83,5.5,-152.0,0.603,0.355,-0.248,120.0,0.455,0.645,0.19,0,1,2023-06-19 20:10:00,7,7.0,False,-100.0
1,Yusei Kikuchi,L,TOR,MIA,4.39,5.5,104.0,0.49,0.279,-0.211,-132.0,0.569,0.721,0.152,0,1,2023-06-20 18:40:00,6,6.0,False,-100.0
4,MacKenzie Gore,L,WAS,STL,4.76,5.5,-140.0,0.583,0.342,-0.241,110.0,0.476,0.658,0.182,0,1,2023-06-20 19:05:00,8,6.0,False,-100.0
5,Framber Valdez,L,HOU,NYM,4.96,5.5,-116.0,0.537,0.377,-0.16,-110.0,0.524,0.623,0.099,0,1,2023-06-20 20:10:00,9,8.0,False,-100.0
7,Reid Detmers,L,LAA,LAD,5.37,5.5,-128.0,0.561,0.449,-0.112,102.0,0.495,0.551,0.056,0,1,2023-06-20 22:07:00,8,7.0,False,-100.0
10,Kyle Bradish,R,BAL,TBR,4.48,5.5,120.0,0.455,0.293,-0.162,-152.0,0.603,0.707,0.104,0,1,2023-06-20 18:40:00,8,5.0,False,-100.0
11,Tyler Glasnow,R,TBR,BAL,5.93,7.5,110.0,0.476,0.247,-0.229,-140.0,0.583,0.753,0.17,0,1,2023-06-20 18:40:00,7,4.1,True,71.43
14,Gerrit Cole,R,NYY,SEA,7.34,8.5,114.0,0.467,0.316,-0.151,-146.0,0.593,0.684,0.091,0,1,2023-06-20 19:05:00,8,7.1,True,68.49
17,Ben Lively,R,CIN,COL,4.71,5.5,-118.0,0.541,0.334,-0.207,-108.0,0.519,0.666,0.147,0,1,2023-06-20 19:10:00,4,4.0,True,92.59
18,Kutter Crawford,R,BOS,MIN,4.32,4.5,-138.0,0.58,0.433,-0.147,108.0,0.481,0.567,0.086,0,1,2023-06-20 19:40:00,5,5.0,False,-100.0
20,Ryne Nelson,R,ARI,MIL,3.08,4.5,104.0,0.49,0.198,-0.292,-132.0,0.569,0.802,0.233,0,1,2023-06-20 20:10:00,6,5.0,False,-100.0
22,Nathan Eovaldi,R,TEX,CHW,5.74,5.5,-152.0,0.603,0.512,-0.091,120.0,0.455,0.488,0.033,0,1,2023-06-20 20:10:00,4,6.0,True,120.0
0,Andrew Abbott,L,CIN,COL,4.17,5.5,-132.0,0.569,0.242,-0.327,104.0,0.49,0.758,0.268,0,1,2023-06-21 12:35:00,10,6.0,False,-100.0
1,Rich Hill,L,PIT,CHC,4.1,4.5,-142.0,0.587,0.39,-0.197,112.0,0.472,0.61,0.138,0,1,2023-06-21 12:35:00,4,5.2,True,112.0
4,Sandy Alcantara,R,MIA,TOR,4.12,5.5,112.0,0.472,0.234,-0.238,-142.0,0.587,0.766,0.179,0,1,2023-06-21 12:10:00,6,7.0,False,-100.0
5,Tyler Wells,R,BAL,TBR,4.25,5.5,-120.0,0.545,0.256,-0.289,-106.0,0.515,0.744,0.229,0,1,2023-06-21 12:10:00,6,5.0,False,-100.0
11,Zac Gallen,R,ARI,MIL,5.36,6.5,-106.0,0.515,0.292,-0.223,-120.0,0.545,0.708,0.163,0,1,2023-06-21 14:10:00,4,7.0,True,83.33
14,Trevor Williams,R,WAS,STL,3.41,3.5,-160.0,0.615,0.443,-0.172,126.0,0.442,0.557,0.115,0,1,2023-06-21 16:05:00,4,6.0,False,-100.0
16,Jhony Brito,R,NYY,SEA,3.31,4.5,-128.0,0.561,0.239,-0.322,100.0,0.5,0.761,0.261,0,1,2023-06-21 19:05:00,3,5.2,True,100.0
17,Garrett Whitlock,R,BOS,MIN,4.22,5.5,-106.0,0.515,0.25,-0.265,-122.0,0.55,0.75,0.2,0,1,2023-06-21 19:40:00,6,7.0,False,-100.0
19,Michael Kopech,R,CHW,TEX,5.09,6.5,102.0,0.495,0.251,-0.244,-128.0,0.561,0.749,0.188,0,1,2023-06-21 20:10:00,5,4.0,True,78.12
0,Tommy Henry,L,ARI,WAS,3.53,3.5,-156.0,0.609,0.471,-0.138,122.0,0.45,0.529,0.079,0,1,2023-06-22 13:05:00,5,6.2,False,-100.0
2,Logan Allen,L,CLE,OAK,4.33,5.5,-116.0,0.537,0.268,-0.269,-110.0,0.524,0.732,0.208,0,1,2023-06-22 13:10:00,5,4.0,True,90.91
3,Blake Snell,L,SDP,SFG,6.82,7.5,110.0,0.476,0.375,-0.101,-140.0,0.583,0.625,0.042,0,1,2023-06-22 15:45:00,11,6.0,False,-100.0
5,Shane McClanahan,L,TBR,KCR,6.89,7.5,108.0,0.481,0.385,-0.096,-138.0,0.58,0.615,0.035,0,1,2023-06-22 18:40:00,3,3.2,True,72.46
6,Braxton Garrett,L,MIA,PIT,5.13,5.5,-118.0,0.541,0.407,-0.134,-108.0,0.519,0.593,0.074,0,1,2023-06-22 18:40:00,13,7.0,False,-100.0
9,Jake Irvin,R,WAS,ARI,2.76,3.5,-110.0,0.524,0.3,-0.224,-116.0,0.537,0.7,0.163,0,1,2023-06-22 13:05:00,6,6.0,False,-100.0
10,Mitch Keller,R,PIT,MIA,5.63,6.5,114.0,0.467,0.335,-0.132,-144.0,0.59,0.665,0.075,0,1,2023-06-22 18:40:00,5,7.0,True,69.44
12,Domingo German,R,NYY,SEA,4.48,5.5,-134.0,0.573,0.294,-0.279,106.0,0.485,0.706,0.221,0,1,2023-06-22 19:05:00,4,3.1,True,106.0
0,Joey Wentz,L,DET,MIN,4.11,4.5,-146.0,0.593,0.393,-0.2,114.0,0.467,0.607,0.14,0,1,2023-06-23 18:40:00,4,5.0,True,114.0
1,Jesus Luzardo,L,MIA,PIT,5.96,6.5,-110.0,0.524,0.388,-0.136,-116.0,0.537,0.612,0.075,0,1,2023-06-23 18:40:00,9,7.0,False,-100.0
4,Patrick Corbin,L,WAS,SDP,3.25,4.5,118.0,0.459,0.227,-0.232,-150.0,0.6,0.773,0.173,0,1,2023-06-23 21:40:00,3,5.0,True,66.67
5,Zack Greinke,R,KCR,TBR,3.41,3.5,-128.0,0.561,0.444,-0.117,100.0,0.5,0.556,0.056,0,1,2023-06-23 18:40:00,3,4.2,True,100.0
6,Zach Eflin,R,TBR,KCR,5.44,5.5,-150.0,0.6,0.462,-0.138,118.0,0.459,0.538,0.079,0,1,2023-06-23 18:40:00,7,6.0,False,-100.0
7,AJ Smith-Shawver,R,ATL,CIN,3.87,4.5,-128.0,0.561,0.346,-0.215,100.0,0.5,0.654,0.154,0,1,2023-06-23 18:40:00,4,3.1,True,100.0
9,Luis Ortiz,R,PIT,MIA,3.93,4.5,-106.0,0.515,0.357,-0.158,-122.0,0.55,0.643,0.093,0,1,2023-06-23 18:40:00,5,8.0,False,-100.0
11,Kyle Gibson,R,BAL,SEA,4.44,4.5,-156.0,0.609,0.456,-0.153,124.0,0.446,0.544,0.098,0,1,2023-06-23 19:05:00,4,3.0,True,124.0
15,Chris Bassitt,R,TOR,OAK,4.97,5.5,-118.0,0.541,0.378,-0.163,-108.0,0.519,0.622,0.103,0,1,2023-06-23 19:07:00,4,5.0,True,92.59
16,Shane Bieber,R,CLE,MIL,4.87,6.5,120.0,0.455,0.219,-0.236,-152.0,0.603,0.781,0.178,0,1,2023-06-23 19:10:00,8,5.0,False,-100.0
17,Brayan Bello,R,BOS,CHW,4.61,5.5,130.0,0.435,0.316,-0.119,-166.0,0.624,0.684,0.06,0,1,2023-06-23 20:10:00,5,6.2,True,60.24
22,Zach Davies,R,ARI,SFG,3.23,3.5,-118.0,0.541,0.405,-0.136,-108.0,0.519,0.595,0.076,0,1,2023-06-23 22:15:00,2,4.0,True,92.59
2,James Paxton,L,BOS,CHW,6.54,7.5,118.0,0.459,0.333,-0.126,-150.0,0.6,0.667,0.067,0,1,2023-06-24 16:10:00,3,4.0,True,66.67
3,Jared Shuster,L,ATL,CIN,2.67,3.5,-134.0,0.573,0.28,-0.293,104.0,0.49,0.72,0.23,0,1,2023-06-24 16:10:00,2,3.2,True,104.0
8,Dean Kremer,R,BAL,SEA,4.32,5.5,116.0,0.463,0.266,-0.197,-146.0,0.593,0.734,0.141,0,1,2023-06-24 16:05:00,5,7.0,True,68.49
10,Jose Berrios,R,TOR,OAK,4.47,5.5,100.0,0.5,0.293,-0.207,-128.0,0.561,0.707,0.146,0,1,2023-06-24 16:07:00,8,6.0,False,-100.0
12,Tanner Bibee,R,CLE,MIL,4.3,5.5,116.0,0.463,0.263,-0.2,-148.0,0.597,0.737,0.14,0,1,2023-06-24 16:10:00,7,6.0,False,-100.0
13,Lance Lynn,R,CHW,BOS,6.39,6.5,-122.0,0.55,0.456,-0.094,-106.0,0.515,0.544,0.029,0,1,2023-06-24 16:10:00,7,5.2,False,-100.0
15,Yonny Chirinos,R,TBR,KCR,2.48,3.5,-136.0,0.576,0.237,-0.339,108.0,0.481,0.763,0.282,0,1,2023-06-24 16:10:00,3,5.1,True,108.0
22,Josiah Gray,R,WAS,SDP,4.32,4.5,-118.0,0.541,0.434,-0.107,-108.0,0.519,0.566,0.047,0,1,2023-06-24 20:40:00,6,5.1,False,-100.0
24,Chase Anderson,R,COL,LAA,3.65,3.5,-172.0,0.632,0.495,-0.137,134.0,0.427,0.505,0.078,0,1,2023-06-24 21:10:00,1,2.2,True,134.0
1,Yusei Kikuchi,L,TOR,OAK,4.51,5.5,-152.0,0.603,0.299,-0.304,120.0,0.455,0.701,0.246,0,1,2023-06-25 13:37:00,8,7.0,False,-100.0
5,MacKenzie Gore,L,WAS,SDP,4.87,5.5,102.0,0.495,0.361,-0.134,-130.0,0.565,0.639,0.074,0,1,2023-06-25 16:10:00,9,5.0,False,-100.0
8,Michael Lorenzen,R,DET,MIN,4.86,5.5,118.0,0.459,0.36,-0.099,-150.0,0.6,0.64,0.04,0,1,2023-06-25 12:10:00,4,5.0,True,66.67
12,Kyle Bradish,R,BAL,SEA,4.64,5.5,130.0,0.435,0.321,-0.114,-166.0,0.624,0.679,0.055,0,1,2023-06-25 13:35:00,7,7.0,False,-100.0
16,Tyler Glasnow,R,TBR,KCR,6.08,7.5,-150.0,0.6,0.268,-0.332,118.0,0.459,0.732,0.273,0,1,2023-06-25 13:40:00,12,5.0,False,-100.0
17,Charlie Morton,R,ATL,CIN,6.33,6.5,-116.0,0.537,0.446,-0.091,-110.0,0.524,0.554,0.03,0,1,2023-06-25 13:40:00,7,5.0,False,-100.0
19,Aaron Civale,R,CLE,MIL,4.11,5.5,128.0,0.439,0.232,-0.207,-164.0,0.621,0.768,0.147,0,1,2023-06-25 13:40:00,5,6.0,True,60.98
21,Eury Perez,R,MIA,PIT,5.44,5.5,-148.0,0.597,0.461,-0.136,116.0,0.463,0.539,0.076,0,1,2023-06-25 13:40:00,9,6.0,False,-100.0
22,Ryne Nelson,R,ARI,SFG,3.22,3.5,-130.0,0.565,0.401,-0.164,102.0,0.495,0.599,0.104,0,1,2023-06-25 16:05:00,6,7.0,False,-100.0
2,Andrew Heaney,L,TEX,DET,6.06,6.5,-112.0,0.528,0.403,-0.125,-112.0,0.528,0.597,0.069,0,1,2023-06-26 20:05:00,5,5.2,True,89.29
3,Reid Detmers,L,LAA,CHW,5.21,5.5,-148.0,0.597,0.42,-0.177,116.0,0.463,0.58,0.117,0,1,2023-06-26 21:38:00,10,7.0,False,-100.0
5,Justin Verlander,R,NYM,MIL,5.79,6.5,100.0,0.5,0.36,-0.14,-128.0,0.561,0.64,0.079,0,1,2023-06-26 19:10:00,5,5.0,True,78.12
7,Spencer Strider,R,ATL,MIN,9.12,9.5,-104.0,0.51,0.428,-0.082,-122.0,0.55,0.572,0.022,0,1,2023-06-26 19:20:00,10,7.0,False,-100.0
9,Trevor Williams,R,WAS,SEA,3.36,4.5,110.0,0.476,0.248,-0.228,-140.0,0.583,0.752,0.169,0,1,2023-06-26 21:40:00,4,4.0,True,71.43
5,Tyler Wells,R,BAL,CIN,4.27,5.5,-118.0,0.541,0.258,-0.283,-108.0,0.519,0.742,0.223,0,1,2023-06-27 19:05:00,7,6.0,False,-100.0
7,Sandy Alcantara,R,MIA,BOS,4.05,5.5,122.0,0.45,0.223,-0.227,-154.0,0.606,0.777,0.171,0,1,2023-06-27 19:10:00,5,7.0,True,64.94
8,Garrett Whitlock,R,BOS,MIA,4.34,4.5,-138.0,0.58,0.437,-0.143,108.0,0.481,0.563,0.082,0,1,2023-06-27 19:10:00,7,4.2,False,-100.0
10,Bryce Elder,R,ATL,MIN,4.8,5.5,-102.0,0.505,0.35,-0.155,-124.0,0.554,0.65,0.096,0,1,2023-06-27 19:20:00,4,6.0,True,80.65
15,Michael Kopech,R,CHW,LAA,5.02,6.5,-106.0,0.515,0.241,-0.274,-122.0,0.55,0.759,0.209,0,1,2023-06-27 21:38:00,3,4.0,True,81.97
16,Shohei Ohtani,R,LAA,CHW,7.94,8.5,104.0,0.49,0.399,-0.091,-132.0,0.569,0.601,0.032,0,1,2023-06-27 21:38:00,10,6.1,False,-100.0
18,Zac Gallen,R,ARI,TBR,5.32,5.5,-146.0,0.593,0.441,-0.152,116.0,0.463,0.559,0.096,0,1,2023-06-27 21:40:00,4,6.0,True,116.0
19,Jhony Brito,R,NYY,OAK,3.24,4.5,120.0,0.455,0.226,-0.229,-152.0,0.603,0.774,0.171,0,1,2023-06-27 21:40:00,2,5.2,True,65.79
21,Jake Irvin,R,WAS,SEA,3.03,4.5,104.0,0.49,0.189,-0.301,-134.0,0.573,0.811,0.238,0,1,2023-06-27 21:40:00,4,5.2,True,74.63
1,Patrick Corbin,L,WAS,SEA,3.19,4.5,-104.0,0.51,0.218,-0.292,-122.0,0.55,0.782,0.232,0,1,2023-06-28 16:10:00,9,7.0,False,-100.0
2,Blake Snell,L,SDP,PIT,6.83,7.5,100.0,0.5,0.376,-0.124,-128.0,0.561,0.624,0.063,0,1,2023-06-28 19:05:00,10,6.0,False,-100.0
4,Joey Wentz,L,DET,TEX,4.09,4.5,-112.0,0.528,0.388,-0.14,-112.0,0.528,0.612,0.084,0,1,2023-06-28 20:05:00,5,4.2,False,-100.0
5,Logan Allen,L,CLE,KCR,4.37,4.5,-116.0,0.537,0.443,-0.094,-110.0,0.524,0.557,0.033,0,1,2023-06-28 20:10:00,5,3.2,False,-100.0
10,Kyle Gibson,R,BAL,CIN,4.37,4.5,-128.0,0.561,0.443,-0.118,100.0,0.5,0.557,0.057,0,1,2023-06-28 19:05:00,5,4.2,False,-100.0
16,Lucas Giolito,R,CHW,LAA,6.1,6.5,104.0,0.49,0.41,-0.08,-132.0,0.569,0.59,0.021,0,1,2023-06-28 21:38:00,9,7.0,False,-100.0
17,Jaime Barria,R,LAA,CHW,3.63,3.5,-134.0,0.573,0.491,-0.082,106.0,0.485,0.509,0.024,0,1,2023-06-28 21:38:00,0,3.0,True,106.0
19,Zach Davies,R,ARI,TBR,3.19,3.5,-132.0,0.569,0.395,-0.174,104.0,0.49,0.605,0.115,0,1,2023-06-28 21:40:00,3,7.0,True,104.0
20,Domingo German,R,NYY,OAK,4.46,5.5,118.0,0.459,0.291,-0.168,-150.0,0.6,0.709,0.109,0,1,2023-06-28 21:40:00,9,9.0,False,-100.0
0,Patrick Sandoval,L,LAA,CHW,4.87,5.5,114.0,0.467,0.362,-0.105,-144.0,0.59,0.638,0.048,0,1,2023-06-29 16:07:00,8,5.0,False,-100
4,Shane Bieber,R,CLE,KCR,4.93,5.5,-112.0,0.528,0.371,-0.157,-112.0,0.528,0.629,0.101,0,1,2023-06-29 14:10:00,8,6.0,False,-100
8,Max Scherzer,R,NYM,MIL,6.39,7.5,-122.0,0.55,0.311,-0.239,-104.0,0.51,0.689,0.179,0,1,2023-06-29 19:10:00,9,6.0,False,-100
12,Emmet Sheehan,R,LAD,COL,3.55,4.5,-106.0,0.515,0.285,-0.23,-122.0,0.55,0.715,0.165,0,1,2023-06-29 20:40:00,5,5.0,False,-100
4,Tommy Henry,L,ARI,LAA,3.6,4.5,108.0,0.481,0.293,-0.188,-138.0,0.58,0.707,0.127,0,1,2023-06-30 21:38:00,8,5.2,False,-100.0
9,Josiah Gray,R,WAS,PHI,4.36,4.5,-122.0,0.55,0.441,-0.109,-104.0,0.51,0.559,0.049,0,1,2023-06-30 18:05:00,8,6.0,False,-100.0
13,Dean Kremer,R,BAL,MIN,4.26,5.5,-136.0,0.576,0.256,-0.32,108.0,0.481,0.744,0.263,0,1,2023-06-30 19:05:00,5,3.0,True,108.0
14,Jose Berrios,R,TOR,BOS,4.57,5.5,128.0,0.439,0.309,-0.13,-164.0,0.621,0.691,0.07,0,1,2023-06-30 19:07:00,8,6.0,False,-100.0
16,Carlos Carrasco,R,NYM,SFG,4.38,4.5,-142.0,0.587,0.444,-0.143,112.0,0.472,0.556,0.084,0,1,2023-06-30 19:10:00,6,5.0,False,-100.0
18,Jon Gray,R,TEX,HOU,5.34,5.5,-112.0,0.528,0.444,-0.084,-112.0,0.528,0.556,0.028,0,1,2023-06-30 20:05:00,4,6.0,True,89.29
1,Yusei Kikuchi,L,TOR,BOS,4.83,5.5,-118.0,0.541,0.355,-0.186,-108.0,0.519,0.645,0.126,0,1,2023-07-01 15:07:00,7,4.1,False,-100.0
2,MacKenzie Gore,L,WAS,PHI,5.0,6.5,-110.0,0.524,0.238,-0.286,-116.0,0.537,0.762,0.225,0,1,2023-07-01 16:05:00,3,2.2,True,86.21
8,Jack Flaherty,R,STL,NYY,4.64,5.5,102.0,0.495,0.321,-0.174,-130.0,0.565,0.679,0.114,0,1,2023-07-01 14:15:00,4,6.0,True,76.92
14,Kyle Bradish,R,BAL,MIN,4.64,6.5,120.0,0.455,0.187,-0.268,-152.0,0.603,0.813,0.21,0,1,2023-07-01 16:05:00,7,6.0,False,-100.0
18,Justin Verlander,R,NYM,SFG,5.68,6.5,-116.0,0.537,0.343,-0.194,-112.0,0.528,0.657,0.129,0,1,2023-07-01 16:10:00,6,7.0,True,89.29
21,Tyler Glasnow,R,TBR,SEA,6.72,7.5,-140.0,0.583,0.36,-0.223,110.0,0.476,0.64,0.164,0,1,2023-07-01 19:15:00,11,5.2,False,-100.0
23,Tanner Bibee,R,CLE,CHC,4.38,4.5,-148.0,0.597,0.446,-0.151,116.0,0.463,0.554,0.091,0,1,2023-07-01 19:15:00,9,5.2,False,-100.0
25,Ryne Nelson,R,ARI,LAA,3.36,4.5,106.0,0.485,0.249,-0.236,-134.0,0.573,0.751,0.178,0,1,2023-07-01 22:07:00,6,7.1,False,-100.0
0,Cole Irvin,L,BAL,MIN,4.08,4.5,-122.0,0.55,0.387,-0.163,-106.0,0.515,0.613,0.098,0,1,2023-07-02 12:05:00,1,5.0,True,94.34
2,Rich Hill,L,PIT,MIL,4.48,5.5,116.0,0.463,0.294,-0.169,-148.0,0.597,0.706,0.109,0,1,2023-07-02 13:35:00,8,5.0,False,-100.0
4,Reid Detmers,L,LAA,ARI,5.45,6.5,100.0,0.5,0.306,-0.194,-128.0,0.561,0.694,0.133,0,1,2023-07-02 16:07:00,9,6.0,False,-100.0
6,Sandy Alcantara,R,MIA,ATL,4.07,4.5,-160.0,0.615,0.386,-0.229,126.0,0.442,0.614,0.172,0,1,2023-07-02 13:35:00,6,5.0,False,-100.0
8,Trevor Williams,R,WAS,PHI,3.44,3.5,-138.0,0.58,0.45,-0.13,108.0,0.481,0.55,0.069,0,1,2023-07-02 13:35:00,1,5.0,True,108.0
10,Garrett Whitlock,R,BOS,TOR,4.45,4.5,-130.0,0.565,0.459,-0.106,102.0,0.495,0.541,0.046,0,1,2023-07-02 13:37:00,1,1.0,True,102.0
11,Kevin Gausman,R,TOR,BOS,6.7,7.5,106.0,0.485,0.357,-0.128,-134.0,0.573,0.643,0.07,0,1,2023-07-02 13:37:00,7,5.0,True,74.63
15,Aaron Civale,R,CLE,CHC,4.1,4.5,-136.0,0.576,0.391,-0.185,108.0,0.481,0.609,0.128,0,1,2023-07-02 14:20:00,2,6.0,True,108.0
19,Zac Gallen,R,ARI,LAA,5.41,6.5,112.0,0.472,0.299,-0.173,-142.0,0.587,0.701,0.114,0,1,2023-07-02 16:07:00,12,7.0,False,-100.0
1,Drew Smyly,L,CHC,MIL,4.75,4.5,-158.0,0.612,0.515,-0.097,124.0,0.446,0.485,0.039,0,1,2023-07-03 14:10:00,5,3.2,False,-100.0
5,Julio Teheran,R,MIL,CHC,3.84,4.5,110.0,0.476,0.341,-0.135,-140.0,0.583,0.659,0.076,0,1,2023-07-03 14:10:00,7,6.0,False,-100.0
7,Jake Irvin,R,WAS,CIN,3.09,4.5,112.0,0.472,0.2,-0.272,-144.0,0.59,0.8,0.21,0,1,2023-07-03 18:05:00,3,6.0,True,69.44
9,Tyler Wells,R,BAL,NYY,4.38,5.5,-104.0,0.51,0.276,-0.234,-122.0,0.55,0.724,0.174,0,1,2023-07-03 19:05:00,4,6.0,True,81.97
10,Domingo German,R,NYY,BAL,4.56,5.5,124.0,0.446,0.307,-0.139,-158.0,0.612,0.693,0.081,0,1,2023-07-03 19:05:00,5,4.1,True,63.29
12,Gavin Williams,R,CLE,ATL,4.23,4.5,-112.0,0.528,0.416,-0.112,-112.0,0.528,0.584,0.056,0,1,2023-07-03 19:10:00,2,6.1,True,89.29
0,Patrick Corbin,L,WAS,CIN,3.3,4.5,102.0,0.495,0.237,-0.258,-128.0,0.561,0.763,0.202,0,1,2023-07-04 11:05:00,2,5.0,True,78.12
1,Jesus Luzardo,L,MIA,STL,5.96,6.5,-110.0,0.524,0.388,-0.136,-116.0,0.537,0.612,0.075,0,1,2023-07-04 13:10:00,8,6.0,False,-100.0
4,JP Sears,L,OAK,DET,5.09,5.5,108.0,0.481,0.399,-0.082,-138.0,0.58,0.601,0.021,0,1,2023-07-04 18:40:00,4,7.1,True,72.46
8,Clarke Schmidt,R,NYY,BAL,4.47,4.5,-128.0,0.561,0.462,-0.099,102.0,0.495,0.538,0.043,0,1,2023-07-04 13:05:00,7,5.0,False,-100.0
11,Brandon Bielak,R,HOU,COL,3.82,4.5,100.0,0.5,0.336,-0.164,-128.0,0.561,0.664,0.103,0,1,2023-07-04 16:10:00,4,7.0,True,78.12
20,Shane Bieber,R,CLE,ATL,4.96,5.5,114.0,0.467,0.377,-0.09,-144.0,0.59,0.623,0.033,0,1,2023-07-04 19:10:00,4,4.2,True,69.44
24,Emmet Sheehan,R,LAD,PIT,4.02,5.5,106.0,0.485,0.218,-0.267,-134.0,0.573,0.782,0.209,0,1,2023-07-04 21:10:00,4,3.2,True,74.63
3,Tommy Milone,L,SEA,SFG,2.07,4.5,-110.0,0.524,0.06,-0.464,-116.0,0.537,0.94,0.403,0,1,2023-07-05 21:05:00,0,4.1,True,86.21
4,Tommy Henry,L,ARI,NYM,3.85,4.5,110.0,0.476,0.341,-0.135,-140.0,0.583,0.659,0.076,0,1,2023-07-05 21:40:00,2,6.0,True,71.43
6,J.P. France,R,HOU,COL,4.25,5.5,-122.0,0.55,0.254,-0.296,-106.0,0.515,0.746,0.231,0,1,2023-07-05 14:10:00,4,6.0,True,94.34
8,Dean Kremer,R,BAL,NYY,4.36,5.5,128.0,0.439,0.274,-0.165,-164.0,0.621,0.726,0.105,0,1,2023-07-05 19:05:00,10,7.0,False,-100.0
11,Josiah Gray,R,WAS,CIN,4.45,5.5,108.0,0.481,0.289,-0.192,-136.0,0.576,0.711,0.135,0,1,2023-07-05 19:05:00,6,5.0,False,-100.0
14,Cal Quantrill,R,CLE,ATL,3.11,3.5,100.0,0.5,0.377,-0.123,-128.0,0.561,0.623,0.062,0,1,2023-07-05 19:10:00,3,4.1,True,78.12
16,Pablo Lopez,R,MIN,KCR,7.29,7.5,-118.0,0.541,0.445,-0.096,-108.0,0.519,0.555,0.036,0,1,2023-07-05 19:40:00,12,9.0,False,-100.0
17,Adrian Houser,R,MIL,CHC,3.65,3.5,-154.0,0.606,0.495,-0.111,120.0,0.455,0.505,0.05,0,1,2023-07-05 20:10:00,4,5.0,False,-100.0
18,Seth Lugo,R,SDP,LAA,4.77,5.5,100.0,0.5,0.344,-0.156,-128.0,0.561,0.656,0.095,0,1,2023-07-05 20:40:00,6,6.0,False,-100.0
22,Bobby Miller,R,LAD,PIT,5.01,6.5,104.0,0.49,0.239,-0.251,-132.0,0.569,0.761,0.192,0,1,2023-07-05 22:10:00,7,5.2,False,-100.0
1,MacKenzie Gore,L,WAS,CIN,4.87,6.5,108.0,0.481,0.219,-0.262,-138.0,0.58,0.781,0.201,0,1,2023-07-06 13:05:00,1,1.1,True,72.46
2,Hogan Harris,L,OAK,DET,3.79,3.5,-164.0,0.621,0.523,-0.098,128.0,0.439,0.477,0.038,0,1,2023-07-06 13:10:00,6,4.2,False,-100.0
5,Michael Lorenzen,R,DET,OAK,4.86,4.5,-160.0,0.615,0.535,-0.08,126.0,0.442,0.465,0.023,0,1,2023-07-06 13:10:00,4,5.0,True,126.0
7,Freddy Peralta,R,MIL,CHC,5.96,6.5,-136.0,0.576,0.387,-0.189,108.0,0.481,0.613,0.132,0,1,2023-07-06 14:10:00,10,5.1,False,-100.0
10,Jack Flaherty,R,STL,MIA,4.56,5.5,-112.0,0.528,0.308,-0.22,-112.0,0.528,0.692,0.164,0,1,2023-07-06 18:40:00,5,6.2,True,89.29
11,Eury Perez,R,MIA,STL,5.22,5.5,-128.0,0.561,0.423,-0.138,100.0,0.5,0.577,0.077,0,1,2023-07-06 18:40:00,7,6.0,False,-100.0
12,Kyle Bradish,R,BAL,NYY,4.73,5.5,-104.0,0.51,0.337,-0.173,-122.0,0.55,0.663,0.113,0,1,2023-07-06 19:05:00,5,6.0,True,81.97
14,Tanner Bibee,R,CLE,KCR,4.68,6.5,-106.0,0.515,0.193,-0.322,-120.0,0.545,0.807,0.262,0,1,2023-07-06 19:10:00,4,5.0,True,83.33
18,Ryne Nelson,R,ARI,NYM,3.54,4.5,120.0,0.455,0.282,-0.173,-152.0,0.603,0.718,0.115,0,1,2023-07-06 21:40:00,1,3.0,True,65.79
5,Jordan Montgomery,L,STL,CHW,5.25,5.5,-104.0,0.51,0.428,-0.082,-122.0,0.55,0.572,0.022,0,1,2023-07-07 20:10:00,5,4.1,True,81.97
7,Charlie Morton,R,ATL,TBR,6.14,6.5,-104.0,0.51,0.416,-0.094,-122.0,0.55,0.584,0.034,0,1,2023-07-07 18:40:00,6,6.1,True,81.97
8,Tyler Glasnow,R,TBR,ATL,7.37,7.5,-122.0,0.55,0.456,-0.094,-104.0,0.51,0.544,0.034,0,1,2023-07-07 18:40:00,8,5.2,False,-100.0
12,Sandy Alcantara,R,MIA,PHI,4.05,5.5,-144.0,0.59,0.223,-0.367,112.0,0.472,0.777,0.305,0,1,2023-07-07 18:40:00,5,6.2,True,112.0
13,Jameson Taillon,R,CHC,NYY,4.76,5.5,120.0,0.455,0.342,-0.113,-152.0,0.603,0.658,0.055,0,1,2023-07-07 19:05:00,4,8.0,True,65.79
14,Trevor Williams,R,WAS,TEX,3.33,3.5,-134.0,0.573,0.426,-0.147,106.0,0.485,0.574,0.089,0,1,2023-07-07 19:05:00,5,6.0,False,-100.0
15,Aaron Civale,R,CLE,KCR,3.98,5.5,-120.0,0.545,0.212,-0.333,-106.0,0.515,0.788,0.273,0,1,2023-07-07 19:10:00,9,7.0,False,-100.0
20,Dylan Cease,R,CHW,STL,7.0,7.5,104.0,0.49,0.401,-0.089,-134.0,0.573,0.599,0.026,0,1,2023-07-07 20:10:00,8,6.0,False,-100.0
21,Zac Gallen,R,ARI,PIT,5.62,6.5,110.0,0.476,0.333,-0.143,-140.0,0.583,0.667,0.084,0,1,2023-07-07 21:40:00,5,7.0,True,71.43
25,Tony Gonsolin,R,LAD,LAA,4.67,5.5,-106.0,0.515,0.326,-0.189,-122.0,0.55,0.674,0.124,0,1,2023-07-07 22:10:00,5,6.2,True,81.97
3,Braxton Garrett,L,MIA,PHI,5.03,5.5,-118.0,0.541,0.389,-0.152,-106.0,0.515,0.611,0.096,0,1,2023-07-08 16:10:00,3,5.0,True,94.34
4,James Paxton,L,BOS,OAK,6.4,6.5,-130.0,0.565,0.457,-0.108,104.0,0.49,0.543,0.053,0,1,2023-07-08 16:10:00,3,6.0,True,104.0
5,Framber Valdez,L,HOU,SEA,3.72,6.5,-108.0,0.519,0.083,-0.436,-118.0,0.541,0.917,0.376,0,1,2023-07-08 19:15:00,6,6.0,True,84.75
8,Gerrit Cole,R,NYY,CHC,7.13,7.5,-148.0,0.597,0.421,-0.176,116.0,0.463,0.579,0.116,0,1,2023-07-08 13:05:00,5,7.1,True,116.0
9,Kevin Gausman,R,TOR,DET,6.69,7.5,-128.0,0.561,0.355,-0.206,102.0,0.495,0.645,0.15,0,1,2023-07-08 13:10:00,7,6.0,True,102.0
11,Tyler Wells,R,BAL,MIN,4.32,5.5,-154.0,0.606,0.266,-0.34,120.0,0.455,0.734,0.279,0,1,2023-07-08 14:10:00,4,6.0,True,120.0
13,Jake Irvin,R,WAS,TEX,3.02,3.5,-130.0,0.565,0.357,-0.208,102.0,0.495,0.643,0.148,0,1,2023-07-08 16:05:00,1,5.0,True,102.0
15,Gavin Williams,R,CLE,KCR,3.35,5.5,102.0,0.495,0.124,-0.371,-130.0,0.565,0.876,0.311,0,1,2023-07-08 16:10:00,7,5.2,False,-100.0
0,Patrick Corbin,L,WAS,TEX,3.28,3.5,-164.0,0.621,0.414,-0.207,128.0,0.439,0.586,0.147,0,1,2023-07-09 12:05:00,6,7.0,False,-100.0
4,Jesus Luzardo,L,MIA,PHI,5.82,7.5,106.0,0.485,0.231,-0.254,-136.0,0.576,0.769,0.193,0,1,2023-07-09 13:40:00,9,6.1,False,-100.0
9,Domingo German,R,NYY,CHC,4.57,5.5,-124.0,0.554,0.309,-0.245,-102.0,0.505,0.691,0.186,0,1,2023-07-09 13:35:00,9,6.0,False,-100.0
10,Shane Bieber,R,CLE,KCR,4.86,6.5,108.0,0.481,0.218,-0.263,-138.0,0.58,0.782,0.202,0,1,2023-07-09 13:40:00,6,6.1,True,72.46
11,Chris Bassitt,R,TOR,DET,5.16,5.5,102.0,0.495,0.412,-0.083,-128.0,0.561,0.588,0.027,0,1,2023-07-09 13:40:00,4,4.0,True,78.12
17,Brandon Bielak,R,HOU,SEA,3.83,4.5,108.0,0.481,0.338,-0.143,-138.0,0.58,0.662,0.082,0,1,2023-07-09 14:10:00,5,5.0,False,-100.0
18,Kyle Gibson,R,BAL,MIN,4.35,4.5,-116.0,0.537,0.438,-0.099,-110.0,0.524,0.562,0.038,0,1,2023-07-09 14:10:00,11,7.0,False,-100.0
21,Zach Davies,R,ARI,PIT,3.34,4.5,112.0,0.472,0.244,-0.228,-142.0,0.587,0.756,0.169,0,1,2023-07-09 16:10:00,6,5.1,False,-100.0
22,Max Scherzer,R,NYM,SDP,6.46,6.5,-124.0,0.554,0.467,-0.087,-102.0,0.505,0.533,0.028,0,1,2023-07-09 16:10:00,7,5.0,False,-100.0
0,Blake Snell,L,SDP,PHI,7.21,7.5,-136.0,0.576,0.433,-0.143,106.0,0.485,0.567,0.082,0,1,2023-07-15 13:05:00,7,5.0,True,106.0
2,James Paxton,L,BOS,CHC,5.43,6.5,-110.0,0.524,0.303,-0.221,-116.0,0.537,0.697,0.16,0,1,2023-07-15 14:20:00,4,3.0,True,86.21
5,Ryan Weathers,L,SDP,PHI,3.5,4.5,120.0,0.455,0.275,-0.18,-154.0,0.606,0.725,0.119,0,1,2023-07-15 19:05:00,2,4.2,True,64.94
6,Andrew Abbott,L,CIN,MIL,6.03,6.5,104.0,0.49,0.399,-0.091,-130.0,0.565,0.601,0.036,0,1,2023-07-15 19:10:00,3,6.0,True,76.92
7,Framber Valdez,L,HOU,LAA,5.03,6.5,116.0,0.463,0.243,-0.22,-148.0,0.597,0.757,0.16,0,1,2023-07-15 21:07:00,13,6.1,False,-100.0
8,Reid Detmers,L,LAA,HOU,5.51,6.5,122.0,0.45,0.315,-0.135,-154.0,0.606,0.685,0.079,0,1,2023-07-15 21:07:00,6,6.0,True,64.94
11,Gavin Williams,R,CLE,TEX,3.27,4.5,100.0,0.5,0.233,-0.267,-128.0,0.561,0.767,0.206,0,1,2023-07-15 16:05:00,4,5.0,True,78.12
16,Freddy Peralta,R,MIL,CIN,6.02,6.5,-138.0,0.58,0.397,-0.183,108.0,0.481,0.603,0.122,0,1,2023-07-15 19:10:00,6,6.0,True,108.0
18,Spencer Strider,R,ATL,CHW,9.08,9.5,-118.0,0.541,0.423,-0.118,-108.0,0.519,0.577,0.058,0,1,2023-07-15 19:15:00,10,6.0,False,-100.0
3,Yusei Kikuchi,L,TOR,ARI,4.88,5.5,112.0,0.472,0.363,-0.109,-144.0,0.59,0.637,0.047,0,1,2023-07-16 13:37:00,4,4.2,True,69.44
11,Zack Wheeler,R,PHI,SDP,6.53,6.5,-140.0,0.583,0.478,-0.105,110.0,0.476,0.522,0.046,0,1,2023-07-16 13:35:00,7,7.0,False,-100.0
21,Tanner Bibee,R,CLE,TEX,4.21,4.5,-146.0,0.593,0.412,-0.181,114.0,0.467,0.588,0.121,0,1,2023-07-16 14:35:00,6,6.0,False,-100.0
3,Jesus Luzardo,L,MIA,STL,5.82,6.5,112.0,0.472,0.365,-0.107,-144.0,0.59,0.635,0.045,0,1,2023-07-17 19:45:00,2,4.0,True,69.44
4,Jesus Luzardo,L,MIA,STL,5.82,6.5,112.0,0.472,0.365,-0.107,-144.0,0.59,0.635,0.045,0,1,2023-07-17 19:45:00,2,4.0,True,69.44
5,Jesus Luzardo,L,MIA,STL,5.82,6.5,112.0,0.472,0.365,-0.107,-144.0,0.59,0.635,0.045,0,1,2023-07-17 19:45:00,2,4.0,True,69.44
9,MacKenzie Gore,L,WAS,CHC,4.83,5.5,-110.0,0.524,0.355,-0.169,-116.0,0.537,0.645,0.108,0,1,2023-07-17 20:05:00,6,6.1,False,-100.0
10,MacKenzie Gore,L,WAS,CHC,4.83,5.5,-110.0,0.524,0.355,-0.169,-116.0,0.537,0.645,0.108,0,1,2023-07-17 20:05:00,6,6.1,False,-100.0
11,MacKenzie Gore,L,WAS,CHC,4.83,5.5,-110.0,0.524,0.355,-0.169,-116.0,0.537,0.645,0.108,0,1,2023-07-17 20:05:00,6,6.1,False,-100.0
39,Griffin Canning,R,LAA,NYY,5.01,5.5,-116.0,0.537,0.386,-0.151,-110.0,0.524,0.614,0.09,0,1,2023-07-17 21:38:00,12,5.2,False,-100.0
40,Griffin Canning,R,LAA,NYY,5.01,5.5,-116.0,0.537,0.386,-0.151,-110.0,0.524,0.614,0.09,0,1,2023-07-17 21:38:00,12,5.2,False,-100.0
41,Griffin Canning,R,LAA,NYY,5.01,5.5,-116.0,0.537,0.386,-0.151,-110.0,0.524,0.614,0.09,0,1,2023-07-17 21:38:00,12,5.2,False,-100.0
45,Logan Gilbert,R,SEA,MIN,6.41,7.5,118.0,0.459,0.314,-0.145,-150.0,0.6,0.686,0.086,0,1,2023-07-17 21:40:00,5,5.0,True,66.67
46,Logan Gilbert,R,SEA,MIN,6.41,7.5,118.0,0.459,0.314,-0.145,-150.0,0.6,0.686,0.086,0,1,2023-07-17 21:40:00,5,5.0,True,66.67
47,Logan Gilbert,R,SEA,MIN,6.41,7.5,118.0,0.459,0.314,-0.145,-150.0,0.6,0.686,0.086,0,1,2023-07-17 21:40:00,5,5.0,True,66.67
0,Logan Allen,L,CLE,PIT,4.19,4.5,102.0,0.495,0.409,-0.086,-130.0,0.565,0.591,0.026,0,1,2023-07-18 19:05:00,8,5.0,False,-100.0
2,Patrick Corbin,L,WAS,CHC,3.39,4.5,104.0,0.49,0.254,-0.236,-134.0,0.573,0.746,0.173,0,1,2023-07-18 20:05:00,6,5.1,False,-100.0
9,Tyler Wells,R,BAL,LAD,4.27,4.5,-130.0,0.565,0.424,-0.141,102.0,0.495,0.576,0.081,0,1,2023-07-18 19:05:00,2,2.0,True,102.0
16,Carlos Carrasco,R,NYM,CHW,4.41,5.5,114.0,0.467,0.282,-0.185,-144.0,0.59,0.718,0.128,0,1,2023-07-18 19:10:00,5,4.2,True,69.44
17,Zach Davies,R,ARI,ATL,3.41,3.5,-128.0,0.561,0.445,-0.116,100.0,0.5,0.555,0.055,0,1,2023-07-18 19:20:00,1,3.2,True,100.0
24,Domingo German,R,NYY,LAA,4.69,5.5,-158.0,0.612,0.33,-0.282,124.0,0.446,0.67,0.224,0,1,2023-07-18 21:38:00,9,6.0,False,-100.0
6,Eduardo Rodriguez,L,DET,KCR,4.99,5.5,-140.0,0.583,0.382,-0.201,110.0,0.476,0.618,0.142,0,1,2023-07-19 20:10:00,7,7.0,False,-100.0
8,Aaron Civale,R,CLE,PIT,3.89,5.5,128.0,0.439,0.198,-0.241,-164.0,0.621,0.802,0.181,0,1,2023-07-19 12:35:00,3,5.1,True,60.98
10,Jon Gray,R,TEX,TBR,5.07,5.5,-122.0,0.55,0.397,-0.153,-104.0,0.51,0.603,0.093,0,1,2023-07-19 14:05:00,4,4.1,True,96.15
13,Brayan Bello,R,BOS,OAK,4.68,5.5,-116.0,0.537,0.329,-0.208,-110.0,0.524,0.671,0.147,0,1,2023-07-19 15:37:00,3,4.0,True,90.91
16,Jose Berrios,R,TOR,SDP,4.62,5.5,108.0,0.481,0.318,-0.163,-138.0,0.58,0.682,0.102,0,1,2023-07-19 19:07:00,9,6.0,False,-100.0
18,Graham Ashcraft,R,CIN,SFG,3.89,4.5,120.0,0.455,0.35,-0.105,-154.0,0.606,0.65,0.044,0,1,2023-07-19 19:10:00,3,6.0,True,64.94
20,Justin Verlander,R,NYM,CHW,5.64,6.5,-128.0,0.561,0.336,-0.225,102.0,0.495,0.664,0.169,0,1,2023-07-19 19:10:00,7,8.0,False,-100.0
21,Ryne Nelson,R,ARI,ATL,3.35,3.5,-112.0,0.528,0.43,-0.098,-112.0,0.528,0.57,0.042,0,1,2023-07-19 19:20:00,5,7.0,False,-100.0
0,Andrew Abbott,L,CIN,SFG,5.65,6.5,120.0,0.455,0.337,-0.118,-154.0,0.606,0.663,0.057,0,1,2023-07-20 12:35:00,6,8.0,True,64.94
11,Pablo Lopez,R,MIN,SEA,7.5,7.5,-156.0,0.609,0.475,-0.134,122.0,0.45,0.525,0.075,0,1,2023-07-20 15:40:00,7,5.0,True,122.0
12,George Kirby,R,SEA,MIN,6.03,6.5,-112.0,0.528,0.398,-0.13,-112.0,0.528,0.602,0.074,0,1,2023-07-20 15:40:00,10,7.0,False,-100.0
13,Kyle Gibson,R,BAL,TBR,4.36,5.5,114.0,0.467,0.274,-0.193,-144.0,0.59,0.726,0.136,0,1,2023-07-20 18:40:00,8,6.0,False,-100.0
14,Tyler Glasnow,R,TBR,BAL,7.52,8.5,104.0,0.49,0.341,-0.149,-134.0,0.573,0.659,0.086,0,1,2023-07-20 18:40:00,9,7.0,False,-100.0
16,J.P. France,R,HOU,OAK,3.42,5.5,106.0,0.485,0.132,-0.353,-136.0,0.576,0.868,0.292,0,1,2023-07-20 21:40:00,5,7.0,True,73.53
2,Braxton Garrett,L,MIA,COL,4.86,5.5,-146.0,0.593,0.359,-0.234,114.0,0.467,0.641,0.174,0,1,2023-07-21 18:40:00,5,3.0,True,114.0
3,Braxton Garrett,L,MIA,COL,4.86,5.5,-146.0,0.593,0.359,-0.234,114.0,0.467,0.641,0.174,0,1,2023-07-21 18:40:00,5,3.0,True,114.0
8,Tommy Henry,L,ARI,CIN,3.75,4.5,-116.0,0.537,0.323,-0.214,-110.0,0.524,0.677,0.153,0,1,2023-07-21 19:10:00,2,4.1,True,90.91
9,Tommy Henry,L,ARI,CIN,3.75,4.5,-116.0,0.537,0.323,-0.214,-110.0,0.524,0.677,0.153,0,1,2023-07-21 19:10:00,2,4.1,True,90.91
12,Framber Valdez,L,HOU,OAK,5.3,6.5,-148.0,0.597,0.282,-0.315,116.0,0.463,0.718,0.255,0,1,2023-07-21 21:40:00,4,5.0,True,116.0
13,Framber Valdez,L,HOU,OAK,5.3,6.5,-148.0,0.597,0.282,-0.315,116.0,0.463,0.718,0.255,0,1,2023-07-21 21:40:00,4,5.0,True,116.0
16,Yusei Kikuchi,L,TOR,SEA,4.86,5.5,-138.0,0.58,0.359,-0.221,108.0,0.481,0.641,0.16,0,1,2023-07-21 22:10:00,8,5.1,False,-100.0
17,Yusei Kikuchi,L,TOR,SEA,4.86,5.5,-138.0,0.58,0.359,-0.221,108.0,0.481,0.641,0.16,0,1,2023-07-21 22:10:00,8,5.1,False,-100.0
18,Jack Flaherty,R,STL,CHC,4.66,5.5,-146.0,0.593,0.324,-0.269,114.0,0.467,0.676,0.209,0,1,2023-07-21 14:20:00,6,6.0,False,-100.0
19,Jack Flaherty,R,STL,CHC,4.66,5.5,-146.0,0.593,0.324,-0.269,114.0,0.467,0.676,0.209,0,1,2023-07-21 14:20:00,6,6.0,False,-100.0
24,Kyle Bradish,R,BAL,TBR,4.76,5.5,-108.0,0.519,0.341,-0.178,-118.0,0.541,0.659,0.118,0,1,2023-07-21 18:40:00,5,6.0,True,84.75
25,Kyle Bradish,R,BAL,TBR,4.76,5.5,-108.0,0.519,0.341,-0.178,-118.0,0.541,0.659,0.118,0,1,2023-07-21 18:40:00,5,6.0,True,84.75
30,Clarke Schmidt,R,NYY,KCR,4.93,5.5,-160.0,0.615,0.372,-0.243,126.0,0.442,0.628,0.186,0,1,2023-07-21 19:05:00,2,5.2,True,126.0
31,Clarke Schmidt,R,NYY,KCR,4.93,5.5,-160.0,0.615,0.372,-0.243,126.0,0.442,0.628,0.186,0,1,2023-07-21 19:05:00,2,5.2,True,126.0
32,Jake Irvin,R,WAS,SFG,3.0,4.5,124.0,0.446,0.186,-0.26,-158.0,0.612,0.814,0.202,0,1,2023-07-21 19:05:00,9,6.2,False,-100.0
33,Jake Irvin,R,WAS,SFG,3.0,4.5,124.0,0.446,0.186,-0.26,-158.0,0.612,0.814,0.202,0,1,2023-07-21 19:05:00,9,6.2,False,-100.0
38,Gavin Williams,R,CLE,PHI,3.23,4.5,-140.0,0.583,0.224,-0.359,110.0,0.476,0.776,0.3,0,1,2023-07-21 19:10:00,3,4.0,True,110.0
39,Gavin Williams,R,CLE,PHI,3.23,4.5,-140.0,0.583,0.224,-0.359,110.0,0.476,0.776,0.3,0,1,2023-07-21 19:10:00,3,4.0,True,110.0
44,Freddy Peralta,R,MIL,ATL,6.0,6.5,106.0,0.485,0.394,-0.091,-134.0,0.573,0.606,0.033,0,1,2023-07-21 20:10:00,5,5.0,True,74.63
45,Freddy Peralta,R,MIL,ATL,6.0,6.5,106.0,0.485,0.394,-0.091,-134.0,0.573,0.606,0.033,0,1,2023-07-21 20:10:00,5,5.0,True,74.63
46,Lance Lynn,R,CHW,MIN,6.63,7.5,122.0,0.45,0.346,-0.104,-156.0,0.609,0.654,0.045,0,1,2023-07-21 20:10:00,6,6.2,True,64.1
47,Lance Lynn,R,CHW,MIN,6.63,7.5,122.0,0.45,0.346,-0.104,-156.0,0.609,0.654,0.045,0,1,2023-07-21 20:10:00,6,6.2,True,64.1
50,Johan Oviedo,R,PIT,LAA,5.71,5.5,-164.0,0.621,0.507,-0.114,128.0,0.439,0.493,0.054,0,1,2023-07-21 21:38:00,4,4.0,True,128.0
51,Johan Oviedo,R,PIT,LAA,5.71,5.5,-164.0,0.621,0.507,-0.114,128.0,0.439,0.493,0.054,0,1,2023-07-21 21:38:00,4,4.0,True,128.0
2,Reid Detmers,L,LAA,PIT,5.74,6.5,-132.0,0.569,0.351,-0.218,104.0,0.49,0.649,0.159,0,1,2023-07-22 21:07:00,9,5.0,False,-100.0
4,Gerrit Cole,R,NYY,KCR,7.21,8.5,100.0,0.5,0.298,-0.202,-128.0,0.561,0.702,0.141,0,1,2023-07-22 13:05:00,10,6.1,False,-100.0
8,Bobby Miller,R,LAD,TEX,4.85,5.5,118.0,0.459,0.357,-0.102,-150.0,0.6,0.643,0.043,0,1,2023-07-22 16:05:00,6,6.0,False,-100.0
11,Kevin Gausman,R,TOR,SEA,6.7,7.5,104.0,0.49,0.357,-0.133,-132.0,0.569,0.643,0.074,0,1,2023-07-22 16:10:00,9,6.0,False,-100.0
16,Josiah Gray,R,WAS,SFG,4.39,5.5,114.0,0.467,0.278,-0.189,-146.0,0.593,0.722,0.129,0,1,2023-07-22 19:05:00,4,7.0,True,68.49
18,Tanner Bibee,R,CLE,PHI,4.15,5.5,-106.0,0.515,0.239,-0.276,-122.0,0.55,0.761,0.211,0,1,2023-07-22 19:10:00,8,7.0,False,-100.0
0,Jesus Luzardo,L,MIA,COL,5.73,7.5,110.0,0.476,0.22,-0.256,-140.0,0.583,0.78,0.197,0,1,2023-07-23 13:40:00,13,7.0,False,-100.0
4,Joe Musgrove,R,SDP,DET,5.79,6.5,108.0,0.481,0.36,-0.121,-138.0,0.58,0.64,0.06,0,1,2023-07-23 12:05:00,6,6.0,True,72.46
6,Luis Severino,R,NYY,KCR,5.13,5.5,-132.0,0.569,0.408,-0.161,104.0,0.49,0.592,0.102,0,1,2023-07-23 13:35:00,5,5.2,True,104.0
9,Tyler Wells,R,BAL,TBR,4.28,5.5,110.0,0.476,0.26,-0.216,-140.0,0.583,0.74,0.157,0,1,2023-07-23 13:40:00,5,4.1,True,71.43
14,Julio Teheran,R,MIL,ATL,3.63,3.5,-136.0,0.576,0.492,-0.084,108.0,0.481,0.508,0.027,0,1,2023-07-23 14:10:00,5,6.0,False,-100.0
16,Emmet Sheehan,R,LAD,TEX,3.52,4.5,100.0,0.5,0.278,-0.222,-128.0,0.561,0.722,0.161,0,1,2023-07-23 14:35:00,4,3.2,True,78.12
17,Hunter Brown,R,HOU,OAK,6.69,7.5,120.0,0.455,0.356,-0.099,-152.0,0.603,0.644,0.041,0,1,2023-07-23 16:07:00,4,6.0,True,65.79
19,Mitch Keller,R,PIT,LAA,5.6,6.5,104.0,0.49,0.33,-0.16,-134.0,0.573,0.67,0.097,0,1,2023-07-23 16:07:00,7,5.0,False,-100.0
20,Alek Manoah,R,TOR,SEA,4.79,5.5,128.0,0.439,0.348,-0.091,-164.0,0.621,0.652,0.031,0,1,2023-07-23 16:10:00,6,5.1,False,-100.0
1,Logan Allen,L,CLE,KCR,4.28,5.5,-142.0,0.587,0.259,-0.328,112.0,0.472,0.741,0.269,0,1,2023-07-24 19:10:00,5,7.0,True,112.0
2,Dean Kremer,R,BAL,PHI,4.46,5.5,114.0,0.467,0.291,-0.176,-146.0,0.593,0.709,0.116,0,1,2023-07-24 18:40:00,3,7.0,True,68.49
5,Graham Ashcraft,R,CIN,MIL,3.8,4.5,130.0,0.435,0.332,-0.103,-166.0,0.624,0.668,0.044,0,1,2023-07-24 20:10:00,8,5.1,False,-100.0
6,Colin Rea,R,MIL,CIN,4.38,4.5,-134.0,0.573,0.445,-0.128,106.0,0.485,0.555,0.07,0,1,2023-07-24 20:10:00,5,6.0,False,-100.0
7,Jon Gray,R,TEX,HOU,5.03,5.5,112.0,0.472,0.389,-0.083,-142.0,0.587,0.611,0.024,0,1,2023-07-24 20:10:00,6,5.0,False,-100.0
8,Brandon Bielak,R,HOU,TEX,3.88,4.5,108.0,0.481,0.348,-0.133,-138.0,0.58,0.652,0.072,0,1,2023-07-24 20:10:00,5,4.2,False,-100.0
9,Quinn Priester,R,PIT,SDP,2.03,3.5,114.0,0.467,0.148,-0.319,-144.0,0.59,0.852,0.262,0,1,2023-07-24 21:40:00,4,5.1,False,-100.0
10,Yu Darvish,R,SDP,PIT,6.18,6.5,-150.0,0.6,0.423,-0.177,118.0,0.459,0.577,0.118,0,1,2023-07-24 21:40:00,3,4.1,True,118.0
11,Jose Berrios,R,TOR,LAD,4.73,5.5,120.0,0.455,0.337,-0.118,-152.0,0.603,0.663,0.06,0,1,2023-07-24 22:10:00,3,5.0,True,65.79
12,Michael Grove,R,LAD,TOR,4.33,4.5,-110.0,0.524,0.435,-0.089,-116.0,0.537,0.565,0.028,0,1,2023-07-24 22:10:00,6,4.2,False,-100.0
0,Eduardo Rodriguez,L,DET,LAA,4.85,6.5,114.0,0.467,0.217,-0.25,-146.0,0.593,0.783,0.19,0,1,2023-07-25 18:40:00,3,4.2,True,68.49
2,Andrew Abbott,L,CIN,MIL,5.35,5.5,-152.0,0.603,0.445,-0.158,120.0,0.455,0.555,0.1,0,1,2023-07-25 20:10:00,9,6.0,False,-100.0
4,Blake Snell,L,SDP,PIT,7.09,7.5,-128.0,0.561,0.414,-0.147,100.0,0.5,0.586,0.086,0,1,2023-07-25 21:40:00,4,6.0,True,100.0
7,Kyle Gibson,R,BAL,PHI,4.54,4.5,-144.0,0.59,0.475,-0.115,114.0,0.467,0.525,0.058,0,1,2023-07-25 18:40:00,5,6.0,False,-100.0
9,Edward Cabrera,R,MIA,TBR,5.43,6.5,112.0,0.472,0.303,-0.169,-142.0,0.587,0.697,0.11,0,1,2023-07-25 18:40:00,0,2.0,True,70.42
10,Tyler Glasnow,R,TBR,MIA,7.48,8.5,104.0,0.49,0.335,-0.155,-130.0,0.565,0.665,0.1,0,1,2023-07-25 18:40:00,8,7.0,True,76.92
11,Griffin Canning,R,LAA,DET,5.55,6.5,108.0,0.481,0.322,-0.159,-136.0,0.576,0.678,0.102,0,1,2023-07-25 18:40:00,8,5.0,False,-100.0
13,Justin Verlander,R,NYM,NYY,5.6,5.5,-158.0,0.612,0.487,-0.125,124.0,0.446,0.513,0.067,0,1,2023-07-25 19:05:00,6,6.0,False,-100.0
14,Domingo German,R,NYY,NYM,4.86,5.5,-120.0,0.545,0.36,-0.185,-106.0,0.515,0.64,0.125,0,1,2023-07-25 19:05:00,9,6.0,False,-100.0
15,Aaron Civale,R,CLE,KCR,3.87,5.5,-102.0,0.505,0.195,-0.31,-126.0,0.558,0.805,0.247,0,1,2023-07-25 19:10:00,5,8.0,True,79.37
18,Corbin Burnes,R,MIL,CIN,7.36,7.5,-126.0,0.558,0.454,-0.104,-102.0,0.505,0.546,0.041,0,1,2023-07-25 20:10:00,6,6.0,True,98.04
20,Michael Kopech,R,CHW,CHC,4.99,5.5,-122.0,0.55,0.382,-0.168,-104.0,0.51,0.618,0.108,0,1,2023-07-25 20:10:00,5,5.0,True,96.15
21,Alex Cobb,R,SFG,OAK,5.08,5.5,-154.0,0.606,0.398,-0.208,120.0,0.455,0.602,0.147,0,1,2023-07-25 21:45:00,9,6.0,False,-100.0
0,Yusei Kikuchi,L,TOR,LAD,4.87,5.5,120.0,0.455,0.361,-0.094,-154.0,0.606,0.639,0.033,0,1,2023-07-26 16:10:00,8,6.0,False,-100.0
5,Framber Valdez,L,HOU,TEX,5.1,6.5,-108.0,0.519,0.253,-0.266,-118.0,0.541,0.747,0.206,0,1,2023-07-26 20:10:00,1,3.2,True,84.75
7,Jake Irvin,R,WAS,COL,3.24,5.5,102.0,0.495,0.11,-0.385,-128.0,0.561,0.89,0.329,0,1,2023-07-26 12:05:00,7,6.0,False,-100.0
9,Zach Eflin,R,TBR,MIA,5.58,5.5,-144.0,0.59,0.484,-0.106,114.0,0.467,0.516,0.049,0,1,2023-07-26 12:10:00,3,4.0,True,114.0
11,Gavin Williams,R,CLE,KCR,3.2,5.5,108.0,0.481,0.106,-0.375,-136.0,0.576,0.894,0.318,0,1,2023-07-26 13:10:00,5,4.0,True,73.53
15,Freddy Peralta,R,MIL,CIN,5.99,6.5,-150.0,0.6,0.393,-0.207,118.0,0.459,0.607,0.148,0,1,2023-07-26 14:10:00,13,6.0,False,-100.0
16,Jack Flaherty,R,STL,ARI,4.64,4.5,-160.0,0.615,0.494,-0.121,126.0,0.442,0.506,0.064,0,1,2023-07-26 15:40:00,4,5.0,True,126.0
17,Zac Gallen,R,ARI,STL,5.61,6.5,118.0,0.459,0.331,-0.128,-150.0,0.6,0.669,0.069,0,1,2023-07-26 15:40:00,8,6.1,False,-100.0
20,Seth Lugo,R,SDP,PIT,4.85,5.5,-112.0,0.528,0.357,-0.171,-112.0,0.528,0.643,0.115,0,1,2023-07-26 16:10:00,8,7.0,False,-100.0
21,Kyle Bradish,R,BAL,PHI,4.81,5.5,108.0,0.481,0.351,-0.13,-138.0,0.58,0.649,0.069,0,1,2023-07-26 18:05:00,3,6.2,True,72.46
25,Lance Lynn,R,CHW,CHC,6.64,7.5,120.0,0.455,0.347,-0.108,-152.0,0.603,0.653,0.05,0,1,2023-07-26 20:10:00,5,4.2,True,65.79
6,Tanner Bibee,R,CLE,CHW,4.18,5.5,-158.0,0.612,0.243,-0.369,124.0,0.446,0.757,0.311,0,1,2023-07-27 20:10:00,6,6.2,False,-100
0,Braxton Garrett,L,MIA,DET,4.89,5.5,-130.0,0.565,0.365,-0.2,102.0,0.495,0.635,0.14,0,1,2023-07-28 18:40:00,6,6.0,False,-100.0
1,MacKenzie Gore,L,WAS,NYM,4.86,5.5,100.0,0.5,0.359,-0.141,-128.0,0.561,0.641,0.08,0,1,2023-07-28 19:10:00,2,5.0,True,78.12
3,Tommy Henry,L,ARI,SEA,3.66,5.5,126.0,0.442,0.165,-0.277,-160.0,0.615,0.835,0.22,0,1,2023-07-28 21:40:00,6,6.0,False,-100.0
8,Zack Wheeler,R,PHI,PIT,6.6,6.5,-150.0,0.6,0.49,-0.11,118.0,0.459,0.51,0.051,0,1,2023-07-28 19:05:00,11,6.2,False,-100.0
11,Kevin Gausman,R,TOR,LAA,6.75,7.5,-128.0,0.561,0.365,-0.196,100.0,0.5,0.635,0.135,0,1,2023-07-28 19:07:00,9,6.0,False,-100.0
19,Joe Musgrove,R,SDP,TEX,5.78,6.5,126.0,0.442,0.359,-0.083,-160.0,0.615,0.641,0.026,0,1,2023-07-28 21:40:00,5,6.0,True,62.5
21,Bobby Miller,R,LAD,CIN,4.82,6.5,-110.0,0.524,0.212,-0.312,-116.0,0.537,0.788,0.251,0,1,2023-07-28 22:10:00,6,5.0,True,86.21
1,Patrick Corbin,L,WAS,NYM,3.38,3.5,-172.0,0.632,0.437,-0.195,134.0,0.427,0.563,0.136,0,1,2023-07-29 19:10:00,2,5.2,True,134.0
2,James Paxton,L,BOS,SFG,5.58,6.5,112.0,0.472,0.327,-0.145,-144.0,0.59,0.673,0.083,0,1,2023-07-29 19:15:00,5,5.0,True,69.44
4,Alek Manoah,R,TOR,LAA,4.86,5.5,-110.0,0.524,0.359,-0.165,-116.0,0.537,0.641,0.104,0,1,2023-07-29 15:07:00,6,4.1,False,-100.0
5,Johnny Cueto,R,MIA,DET,4.08,4.5,-138.0,0.58,0.387,-0.193,108.0,0.481,0.613,0.132,0,1,2023-07-29 16:10:00,5,6.0,False,-100.0
7,Quinn Priester,R,PIT,PHI,3.08,3.5,-126.0,0.558,0.371,-0.187,-102.0,0.505,0.629,0.124,0,1,2023-07-29 19:05:00,7,5.0,False,-100.0
12,Tyler Wells,R,BAL,NYY,4.34,4.5,-144.0,0.59,0.437,-0.153,114.0,0.467,0.563,0.096,0,1,2023-07-29 19:15:00,1,2.2,True,114.0
20,Brandon Pfaadt,R,ARI,SEA,3.88,5.5,112.0,0.472,0.196,-0.276,-142.0,0.587,0.804,0.217,0,1,2023-07-29 20:10:00,3,5.2,True,70.42
23,Yu Darvish,R,SDP,TEX,6.08,6.5,-110.0,0.524,0.407,-0.117,-116.0,0.537,0.593,0.056,0,1,2023-07-29 20:40:00,9,6.0,False,-100.0
25,Emmet Sheehan,R,LAD,CIN,3.73,5.5,114.0,0.467,0.175,-0.292,-146.0,0.593,0.825,0.232,0,1,2023-07-29 21:10:00,5,5.0,True,68.49
4,Jesus Luzardo,L,MIA,DET,6.05,7.5,-122.0,0.55,0.263,-0.287,-104.0,0.51,0.737,0.227,0,1,2023-07-30 13:40:00,3,4.2,True,96.15
7,Cody Bradford,L,TEX,SDP,4.03,4.5,108.0,0.481,0.376,-0.105,-136.0,0.576,0.624,0.048,0,1,2023-07-30 16:10:00,5,3.0,False,-100.0
8,Blake Snell,L,SDP,TEX,6.85,7.5,-142.0,0.587,0.378,-0.209,112.0,0.472,0.622,0.15,0,1,2023-07-30 16:10:00,9,5.0,False,-100.0
9,Jose Berrios,R,TOR,LAA,4.73,6.5,-102.0,0.505,0.199,-0.306,-126.0,0.558,0.801,0.243,0,1,2023-07-30 12:05:00,6,6.0,True,79.37
13,Justin Verlander,R,NYM,WAS,5.66,5.5,-146.0,0.593,0.499,-0.094,116.0,0.463,0.501,0.038,0,1,2023-07-30 13:40:00,5,5.1,True,116.0
14,Aaron Civale,R,CLE,CHW,3.85,4.5,-118.0,0.541,0.342,-0.199,-108.0,0.519,0.658,0.139,0,1,2023-07-30 14:10:00,4,6.0,True,92.59
16,Brandon Bielak,R,HOU,TBR,3.95,4.5,102.0,0.495,0.361,-0.134,-128.0,0.561,0.639,0.078,0,1,2023-07-30 14:10:00,4,5.0,True,78.12
21,Michael Grove,R,LAD,CIN,4.4,4.5,-128.0,0.561,0.448,-0.113,100.0,0.5,0.552,0.052,0,1,2023-07-30 16:10:00,10,6.0,False,-100.0
23,Merrill Kelly,R,ARI,SEA,4.92,5.5,-156.0,0.609,0.37,-0.239,122.0,0.45,0.63,0.18,0,1,2023-07-30 16:10:00,6,5.0,False,-100.0
25,Dean Kremer,R,BAL,NYY,4.44,4.5,-144.0,0.59,0.457,-0.133,114.0,0.467,0.543,0.076,0,1,2023-07-30 19:10:00,7,4.0,False,-100.0
3,Edward Cabrera,R,MIA,PHI,5.25,5.5,-122.0,0.55,0.428,-0.122,-104.0,0.51,0.572,0.062,0,1,2023-07-31 18:40:00,3,3.0,True,96.15
5,Jake Irvin,R,WAS,MIL,3.37,4.5,122.0,0.45,0.25,-0.2,-156.0,0.609,0.75,0.141,0,1,2023-07-31 19:05:00,2,5.1,True,64.1
7,Kyle Gibson,R,BAL,TOR,4.56,4.5,-128.0,0.561,0.479,-0.082,100.0,0.5,0.521,0.021,0,1,2023-07-31 19:07:00,5,6.0,False,-100.0
8,Chris Bassitt,R,TOR,BAL,5.16,5.5,-110.0,0.524,0.412,-0.112,-116.0,0.537,0.588,0.051,0,1,2023-07-31 19:07:00,7,6.0,False,-100.0
9,Charlie Morton,R,ATL,LAA,6.03,6.5,-154.0,0.606,0.399,-0.207,120.0,0.455,0.601,0.146,0,1,2023-07-31 19:20:00,8,6.0,False,-100.0
12,J.P. France,R,HOU,CLE,3.33,3.5,-126.0,0.558,0.427,-0.131,-102.0,0.505,0.573,0.068,0,1,2023-07-31 20:10:00,6,7.0,False,-100.0
13,Seth Lugo,R,SDP,COL,4.88,5.5,118.0,0.459,0.363,-0.096,-150.0,0.6,0.637,0.037,0,1,2023-07-31 20:40:00,9,7.0,False,-100.0
7,Sandy Alcantara,R,MIA,PHI,5.73,5.5,-158.0,0.612,0.511,-0.101,124.0,0.446,0.489,0.043,0,1,2023-08-01 18:40:00,5,8.0,True,124.0
9,Matt Manning,R,DET,PIT,4.13,4.5,110.0,0.476,0.396,-0.08,-140.0,0.583,0.604,0.021,0,1,2023-08-01 19:05:00,6,6.0,False,-100.0
12,Josiah Gray,R,WAS,MIL,4.31,4.5,-128.0,0.561,0.431,-0.13,100.0,0.5,0.569,0.069,0,1,2023-08-01 19:05:00,3,3.2,True,100.0
13,Kyle Bradish,R,BAL,TOR,4.83,5.5,128.0,0.439,0.355,-0.084,-160.0,0.615,0.645,0.03,0,1,2023-08-01 19:07:00,7,7.0,False,-100.0
14,Spencer Strider,R,ATL,LAA,9.26,9.5,-138.0,0.58,0.446,-0.134,108.0,0.481,0.553,0.072,0,1,2023-08-01 19:20:00,9,6.2,True,108.0
16,Gavin Williams,R,CLE,HOU,3.39,3.5,-172.0,0.632,0.439,-0.193,134.0,0.427,0.561,0.134,0,1,2023-08-01 20:10:00,6,5.0,False,-100.0
17,Brayan Bello,R,BOS,SEA,4.59,5.5,114.0,0.467,0.312,-0.155,-146.0,0.593,0.688,0.095,0,1,2023-08-01 21:40:00,7,6.0,False,-100.0
19,Zac Gallen,R,ARI,SFG,5.65,6.5,104.0,0.49,0.338,-0.152,-132.0,0.569,0.662,0.093,0,1,2023-08-01 21:45:00,6,6.0,True,75.76
0,Eduardo Rodriguez,L,DET,PIT,4.83,5.5,-128.0,0.561,0.354,-0.207,102.0,0.495,0.646,0.151,0,1,2023-08-02 12:35:00,5,6.0,True,102.0
2,MacKenzie Gore,L,WAS,MIL,4.85,5.5,-120.0,0.545,0.358,-0.187,-106.0,0.515,0.642,0.127,0,1,2023-08-02 13:05:00,5,6.0,True,94.34
4,Braxton Garrett,L,MIA,PHI,4.93,5.5,-152.0,0.603,0.372,-0.231,120.0,0.455,0.628,0.173,0,1,2023-08-02 18:40:00,5,5.0,True,120.0
6,Yusei Kikuchi,L,TOR,BAL,4.88,6.5,-122.0,0.55,0.22,-0.33,-104.0,0.51,0.78,0.27,0,1,2023-08-02 19:07:00,3,6.0,True,96.15
8,Drew Smyly,L,CHC,CIN,4.89,5.5,108.0,0.481,0.364,-0.117,-138.0,0.58,0.636,0.056,0,1,2023-08-02 20:05:00,7,4.2,False,-100.0
11,Yonny Chirinos,R,ATL,LAA,2.62,3.5,-126.0,0.558,0.269,-0.289,-102.0,0.505,0.731,0.226,0,1,2023-08-02 12:20:00,5,5.0,False,-100.0
15,Zack Wheeler,R,PHI,MIA,6.73,7.5,124.0,0.446,0.362,-0.084,-158.0,0.612,0.638,0.026,0,1,2023-08-02 18:40:00,4,6.0,True,63.29
23,Tony Gonsolin,R,LAD,OAK,4.55,5.5,-130.0,0.565,0.305,-0.26,102.0,0.495,0.695,0.2,0,1,2023-08-02 22:10:00,3,5.0,True,102.0
1,Patrick Corbin,L,WAS,CIN,3.43,4.5,110.0,0.476,0.262,-0.214,-140.0,0.583,0.738,0.155,0,1,2023-08-04 18:40:00,2,6.1,True,71.43
3,Logan Allen,L,CLE,CHW,4.03,5.5,108.0,0.481,0.219,-0.262,-138.0,0.58,0.781,0.201,0,1,2023-08-04 19:10:00,5,6.0,True,72.46
4,James Paxton,L,BOS,TOR,5.53,5.5,-158.0,0.612,0.477,-0.135,124.0,0.446,0.523,0.077,0,1,2023-08-04 19:10:00,4,5.0,True,124.0
5,Jesus Luzardo,L,MIA,TEX,5.88,6.5,-132.0,0.569,0.374,-0.195,104.0,0.49,0.626,0.136,0,1,2023-08-04 20:05:00,8,5.1,False,-100.0
7,Reid Detmers,L,LAA,SEA,5.85,7.5,116.0,0.463,0.235,-0.228,-148.0,0.597,0.765,0.168,0,1,2023-08-04 21:38:00,4,4.0,True,67.57
10,Graham Ashcraft,R,CIN,WAS,3.96,4.5,124.0,0.446,0.363,-0.083,-158.0,0.612,0.637,0.025,0,1,2023-08-04 18:40:00,5,8.0,False,-100.0
13,Dean Kremer,R,BAL,NYM,4.54,5.5,124.0,0.446,0.304,-0.142,-158.0,0.612,0.696,0.084,0,1,2023-08-04 19:05:00,4,5.1,True,63.29
19,Colin Rea,R,MIL,PIT,4.48,5.5,104.0,0.49,0.293,-0.197,-134.0,0.573,0.707,0.134,0,1,2023-08-04 20:10:00,2,4.0,True,74.63
20,Merrill Kelly,R,ARI,MIN,5.01,6.5,114.0,0.467,0.239,-0.228,-146.0,0.593,0.761,0.168,0,1,2023-08-04 20:10:00,9,6.0,False,-100.0
23,Adam Wainwright,R,STL,COL,3.66,3.5,-140.0,0.583,0.497,-0.086,110.0,0.476,0.503,0.027,0,1,2023-08-04 20:15:00,5,3.0,False,-100.0
25,Bobby Miller,R,LAD,SDP,4.87,5.5,108.0,0.481,0.362,-0.119,-138.0,0.58,0.638,0.058,0,1,2023-08-04 21:40:00,3,3.2,True,72.46
2,Andrew Abbott,L,CIN,WAS,5.64,5.5,-148.0,0.597,0.494,-0.103,116.0,0.463,0.506,0.043,0,1,2023-08-05 16:10:00,3,5.2,True,116.0
4,Steven Matz,L,STL,COL,5.95,6.5,114.0,0.467,0.386,-0.081,-144.0,0.59,0.614,0.024,0,1,2023-08-05 19:15:00,6,6.0,True,69.44
5,Tyler Anderson,L,LAA,SEA,4.91,5.5,108.0,0.481,0.369,-0.112,-136.0,0.576,0.631,0.055,0,1,2023-08-05 21:07:00,6,5.0,False,-100.0
6,Justin Verlander,R,HOU,NYY,5.76,6.5,118.0,0.459,0.356,-0.103,-150.0,0.6,0.644,0.044,0,1,2023-08-05 13:05:00,4,7.0,True,66.67
7,Aaron Civale,R,TBR,DET,4.8,5.5,122.0,0.45,0.348,-0.102,-156.0,0.609,0.652,0.043,0,1,2023-08-05 13:10:00,4,4.1,True,64.1
11,Joan Adon,R,WAS,CIN,3.59,4.5,-104.0,0.51,0.291,-0.219,-122.0,0.55,0.709,0.159,0,1,2023-08-05 16:10:00,7,6.0,False,-100.0
13,Kyle Gibson,R,BAL,NYM,4.61,4.5,-136.0,0.576,0.489,-0.087,108.0,0.481,0.511,0.03,0,1,2023-08-05 19:05:00,9,7.0,False,-100.0
16,Noah Syndergaard,R,CLE,CHW,2.92,4.5,116.0,0.463,0.171,-0.292,-148.0,0.597,0.829,0.232,0,1,2023-08-05 19:10:00,3,6.0,True,67.57
17,Ryne Nelson,R,ARI,MIN,3.25,4.5,-102.0,0.505,0.228,-0.277,-126.0,0.558,0.772,0.214,0,1,2023-08-05 19:10:00,5,3.0,False,-100.0
8,Kyle Bradish,R,BAL,NYM,4.87,5.5,104.0,0.49,0.362,-0.128,-134.0,0.573,0.638,0.065,0,1,2023-08-06 13:35:00,5,4.2,True,74.63
9,Jake Irvin,R,WAS,CIN,3.29,4.5,106.0,0.485,0.235,-0.25,-134.0,0.573,0.765,0.192,0,1,2023-08-06 13:40:00,6,4.1,False,-100.0
11,Zac Gallen,R,ARI,MIN,5.64,6.5,-158.0,0.612,0.336,-0.276,124.0,0.446,0.664,0.218,0,1,2023-08-06 14:10:00,8,7.0,False,-100.0
18,Alex Cobb,R,SFG,OAK,5.82,6.5,-104.0,0.51,0.365,-0.145,-122.0,0.55,0.635,0.085,0,1,2023-08-06 16:07:00,3,5.1,True,81.97
1,Joey Wentz,L,DET,MIN,4.28,4.5,-128.0,0.561,0.426,-0.135,100.0,0.5,0.574,0.074,0,1,2023-08-07 18:40:00,2,3.0,True,100.0
8,Eury Perez,R,MIA,CIN,5.47,6.5,128.0,0.439,0.309,-0.13,-164.0,0.621,0.691,0.07,0,1,2023-08-07 18:40:00,7,4.2,False,-100.0
13,Gavin Williams,R,CLE,TOR,3.59,4.5,-134.0,0.573,0.292,-0.281,106.0,0.485,0.708,0.223,0,1,2023-08-07 19:10:00,12,7.0,False,-100.0
14,Brayan Bello,R,BOS,KCR,4.67,4.5,-166.0,0.624,0.5,-0.124,130.0,0.435,0.5,0.065,0,1,2023-08-07 19:10:00,2,6.2,True,130.0
18,Freddy Peralta,R,MIL,COL,6.06,8.5,108.0,0.481,0.159,-0.322,-136.0,0.576,0.841,0.265,0,1,2023-08-07 20:10:00,13,7.0,False,-100.0
20,Dane Dunning,R,TEX,OAK,4.7,5.5,-122.0,0.55,0.331,-0.219,-106.0,0.515,0.669,0.154,0,1,2023-08-07 21:40:00,6,6.0,False,-100.0
0,Braxton Garrett,L,MIA,CIN,5.08,5.5,-132.0,0.569,0.399,-0.17,104.0,0.49,0.601,0.111,0,1,2023-08-08 18:40:00,3,6.0,True,104.0
1,Yusei Kikuchi,L,TOR,CLE,4.8,5.5,-104.0,0.51,0.349,-0.161,-122.0,0.55,0.651,0.101,0,1,2023-08-08 19:10:00,6,7.0,False,-100.0
3,Wade Miley,L,MIL,COL,4.14,4.5,-128.0,0.561,0.399,-0.162,100.0,0.5,0.601,0.101,0,1,2023-08-08 20:10:00,2,6.0,True,100.0
5,JP Sears,L,OAK,TEX,5.08,5.5,104.0,0.49,0.399,-0.091,-132.0,0.569,0.601,0.032,0,1,2023-08-08 21:40:00,6,4.0,False,-100.0
12,Yonny Chirinos,R,ATL,PIT,2.72,3.5,-102.0,0.505,0.29,-0.215,-124.0,0.554,0.71,0.156,0,1,2023-08-08 19:05:00,5,5.0,False,-100.0
16,Jameson Taillon,R,CHC,NYM,4.62,4.5,-156.0,0.609,0.49,-0.119,122.0,0.45,0.51,0.06,0,1,2023-08-08 19:10:00,7,7.0,False,-100.0
18,Tanner Bibee,R,CLE,TOR,4.12,5.5,-130.0,0.565,0.234,-0.331,104.0,0.49,0.766,0.276,0,1,2023-08-08 19:10:00,6,7.0,False,-100.0
22,Brandon Pfaadt,R,ARI,LAD,3.79,4.5,-112.0,0.528,0.33,-0.198,-112.0,0.528,0.67,0.142,0,1,2023-08-08 21:40:00,5,4.2,False,-100.0
23,Max Scherzer,R,TEX,OAK,6.89,7.5,-108.0,0.519,0.384,-0.135,-118.0,0.541,0.616,0.075,0,1,2023-08-08 21:40:00,6,7.0,True,84.75
0,Jordan Montgomery,L,TEX,OAK,4.85,5.5,122.0,0.45,0.359,-0.091,-154.0,0.606,0.641,0.035,0,1,2023-08-09 15:37:00,5,6.0,True,64.94
1,MacKenzie Gore,L,WAS,PHI,4.81,6.5,116.0,0.463,0.211,-0.252,-148.0,0.597,0.789,0.192,0,1,2023-08-09 18:40:00,5,5.0,True,67.57
3,Logan Allen,L,CLE,TOR,3.98,4.5,-132.0,0.569,0.367,-0.202,104.0,0.49,0.633,0.143,0,1,2023-08-09 19:10:00,3,5.0,True,104.0
5,Johnny Cueto,R,MIA,CIN,4.05,4.5,-106.0,0.515,0.382,-0.133,-122.0,0.55,0.618,0.068,0,1,2023-08-09 12:35:00,5,5.0,False,-100.0
6,Graham Ashcraft,R,CIN,MIA,4.05,4.5,-104.0,0.51,0.382,-0.128,-122.0,0.55,0.618,0.068,0,1,2023-08-09 12:35:00,7,7.0,False,-100.0
8,Adrian Houser,R,MIL,COL,3.78,5.5,128.0,0.439,0.182,-0.257,-164.0,0.621,0.818,0.197,0,1,2023-08-09 14:10:00,5,5.0,True,60.98
9,Dakota Hudson,R,STL,TBR,3.24,3.5,-106.0,0.515,0.407,-0.108,-120.0,0.545,0.593,0.048,0,1,2023-08-09 18:40:00,2,5.0,True,83.33
12,Jack Flaherty,R,BAL,HOU,4.97,5.5,-112.0,0.528,0.379,-0.149,-112.0,0.528,0.621,0.093,0,1,2023-08-09 19:05:00,8,5.0,False,-100.0
18,Bobby Miller,R,LAD,ARI,4.77,4.5,-158.0,0.612,0.518,-0.094,124.0,0.446,0.482,0.036,0,1,2023-08-09 21:40:00,4,6.0,True,124.0
19,Merrill Kelly,R,ARI,LAD,5.07,5.5,108.0,0.481,0.396,-0.085,-136.0,0.576,0.604,0.028,0,1,2023-08-09 21:40:00,2,6.0,True,73.53
0,Patrick Corbin,L,WAS,PHI,3.36,4.5,100.0,0.5,0.248,-0.252,-128.0,0.561,0.752,0.191,0,1,2023-08-10 18:40:00,2,5.0,True,78.12
2,James Paxton,L,BOS,KCR,5.57,6.5,-144.0,0.59,0.324,-0.266,114.0,0.467,0.676,0.209,0,1,2023-08-10 19:10:00,6,5.1,True,114.0
9,Reese Olson,R,DET,MIN,4.92,5.5,108.0,0.481,0.37,-0.111,-138.0,0.58,0.63,0.05,0,1,2023-08-10 13:10:00,8,6.0,False,-100.0
0,Eduardo Rodriguez,L,DET,BOS,4.99,5.5,-130.0,0.565,0.382,-0.183,102.0,0.495,0.618,0.123,0,1,2023-08-13 12:05:00,8,5.0,False,-100.0
4,Julio Urias,L,LAD,COL,5.11,5.5,-136.0,0.576,0.403,-0.173,108.0,0.481,0.597,0.116,0,1,2023-08-13 16:10:00,12,7.0,False,-100.0
6,Trevor Williams,R,WAS,OAK,4.45,4.5,-122.0,0.55,0.458,-0.092,-104.0,0.51,0.542,0.032,0,1,2023-08-13 13:35:00,4,4.1,True,96.15
10,Eury Perez,R,MIA,NYY,5.63,6.5,-108.0,0.519,0.334,-0.185,-118.0,0.541,0.666,0.125,0,1,2023-08-13 13:40:00,5,4.0,True,84.75
11,Tanner Bibee,R,CLE,TBR,4.59,6.5,110.0,0.476,0.181,-0.295,-140.0,0.583,0.819,0.236,0,1,2023-08-13 13:40:00,5,7.0,True,71.43
13,Freddy Peralta,R,MIL,CHW,6.21,7.5,-108.0,0.519,0.285,-0.234,-118.0,0.541,0.715,0.174,0,1,2023-08-13 14:10:00,6,6.0,True,84.75
16,Jose Urquidy,R,HOU,LAA,4.34,4.5,-144.0,0.59,0.437,-0.153,112.0,0.472,0.563,0.091,0,1,2023-08-13 14:10:00,7,5.0,False,-100.0
19,Kyle Bradish,R,BAL,SEA,4.91,6.5,118.0,0.459,0.225,-0.234,-150.0,0.6,0.775,0.175,0,1,2023-08-13 16:10:00,7,6.0,False,-100.0
21,Seth Lugo,R,SDP,ARI,4.91,5.5,118.0,0.459,0.368,-0.091,-150.0,0.6,0.632,0.032,0,1,2023-08-13 16:10:00,4,5.0,True,66.67
22,Brandon Pfaadt,R,ARI,SDP,3.87,4.5,-150.0,0.6,0.346,-0.254,118.0,0.459,0.654,0.195,0,1,2023-08-13 16:10:00,8,5.2,False,-100.0
0,Framber Valdez,L,HOU,MIA,5.16,5.5,-120.0,0.545,0.412,-0.133,-106.0,0.515,0.588,0.073,0,1,2023-08-14 18:40:00,4,7.2,True,94.34
2,Max Fried,L,ATL,NYY,5.18,5.5,-128.0,0.561,0.415,-0.146,100.0,0.5,0.585,0.085,0,1,2023-08-14 19:20:00,2,6.0,True,100.0
6,Miles Mikolas,R,STL,OAK,4.05,5.5,112.0,0.472,0.223,-0.249,-142.0,0.587,0.777,0.19,0,1,2023-08-14 19:45:00,4,6.1,True,70.42
7,Max Scherzer,R,TEX,LAA,6.81,7.5,-122.0,0.55,0.373,-0.177,-106.0,0.515,0.627,0.112,0,1,2023-08-14 20:05:00,11,7.0,False,-100.0
0,Logan Allen,L,CLE,CIN,3.86,5.5,126.0,0.442,0.194,-0.248,-160.0,0.615,0.806,0.191,0,1,2023-08-15 18:40:00,7,6.0,False,-100.0
1,Yusei Kikuchi,L,TOR,PHI,4.86,6.5,100.0,0.5,0.218,-0.282,-128.0,0.561,0.782,0.221,0,1,2023-08-15 19:07:00,7,6.0,False,-100.0
4,Jordan Montgomery,L,TEX,LAA,4.93,5.5,-146.0,0.593,0.373,-0.22,114.0,0.467,0.627,0.16,0,1,2023-08-15 20:05:00,9,6.0,False,-100.0
5,Graham Ashcraft,R,CIN,CLE,4.15,4.5,106.0,0.485,0.401,-0.084,-134.0,0.573,0.599,0.026,0,1,2023-08-15 18:40:00,2,7.0,True,74.63
10,Zack Wheeler,R,PHI,TOR,6.6,6.5,-134.0,0.573,0.49,-0.083,106.0,0.485,0.51,0.025,0,1,2023-08-15 19:07:00,5,7.0,True,106.0
12,Bryce Elder,R,ATL,NYY,4.16,4.5,-106.0,0.515,0.402,-0.113,-120.0,0.545,0.598,0.053,0,1,2023-08-15 19:20:00,3,7.0,True,83.33
13,Alex Faedo,R,DET,MIN,4.49,5.5,128.0,0.439,0.295,-0.144,-164.0,0.621,0.705,0.084,0,1,2023-08-15 19:40:00,6,5.0,False,-100.0
18,Emerson Hancock,R,SEA,KCR,3.49,4.5,132.0,0.431,0.272,-0.159,-168.0,0.627,0.728,0.101,0,1,2023-08-15 20:10:00,1,5.0,True,59.52
19,Jordan Lyles,R,KCR,SEA,4.43,4.5,-116.0,0.537,0.454,-0.083,-110.0,0.524,0.546,0.022,0,1,2023-08-15 20:10:00,3,5.0,True,90.91
20,Jack Flaherty,R,BAL,SDP,5.11,5.5,-130.0,0.565,0.403,-0.162,102.0,0.495,0.597,0.102,0,1,2023-08-15 21:40:00,3,3.0,True,102.0
23,Bobby Miller,R,LAD,MIL,4.59,5.5,104.0,0.49,0.312,-0.178,-132.0,0.569,0.688,0.119,0,1,2023-08-15 22:10:00,4,6.0,True,75.76
3,Matthew Liberatore,L,STL,OAK,3.65,4.5,130.0,0.435,0.303,-0.132,-166.0,0.624,0.697,0.073,0,1,2023-08-16 18:45:00,5,4.1,False,-100.0
5,MacKenzie Gore,L,WAS,BOS,4.75,5.5,-124.0,0.554,0.341,-0.213,-102.0,0.505,0.659,0.154,0,1,2023-08-16 19:05:00,7,6.1,False,-100.0
7,Blake Snell,L,SDP,BAL,6.73,7.5,-154.0,0.606,0.361,-0.245,122.0,0.45,0.639,0.189,0,1,2023-08-16 20:40:00,5,6.0,True,122.0
13,Tylor Megill,R,NYM,PIT,4.11,4.5,-158.0,0.612,0.394,-0.218,124.0,0.446,0.606,0.16,0,1,2023-08-16 13:10:00,5,5.0,False,-100.0
15,Noah Syndergaard,R,CLE,CIN,2.95,4.5,-116.0,0.537,0.177,-0.36,-110.0,0.524,0.823,0.299,0,1,2023-08-16 18:40:00,3,4.1,True,90.91
20,Jon Gray,R,TEX,LAA,5.08,5.5,-142.0,0.587,0.398,-0.189,112.0,0.472,0.602,0.13,0,1,2023-08-16 20:05:00,4,7.0,True,112.0
22,Dean Kremer,R,BAL,SDP,4.54,4.5,-132.0,0.569,0.476,-0.093,104.0,0.49,0.524,0.034,0,1,2023-08-16 20:40:00,4,6.0,True,104.0
0,Angel Zerpa,L,KCR,SEA,1.58,3.5,132.0,0.431,0.076,-0.355,-168.0,0.627,0.924,0.297,0,1,2023-08-17 14:10:00,6,4.0,False,-100.0
2,Patrick Corbin,L,WAS,BOS,3.29,4.5,-102.0,0.505,0.236,-0.269,-126.0,0.558,0.764,0.206,0,1,2023-08-17 16:05:00,6,6.0,False,-100.0
3,Jose Quintana,L,NYM,STL,4.05,4.5,-110.0,0.524,0.381,-0.143,-116.0,0.537,0.619,0.082,0,1,2023-08-17 19:15:00,5,6.0,False,-100.0
9,Lance Lynn,R,LAD,MIL,6.15,6.5,-106.0,0.515,0.418,-0.097,-120.0,0.545,0.582,0.037,0,1,2023-08-17 22:10:00,3,7.0,True,83.33
0,Cole Ragans,L,KCR,CHC,4.74,5.5,106.0,0.485,0.339,-0.146,-134.0,0.573,0.661,0.088,0,1,2023-08-18 14:20:00,9,6.0,False,-100.0
1,Tarik Skubal,L,DET,CLE,5.35,5.5,-138.0,0.58,0.445,-0.135,108.0,0.481,0.555,0.074,0,1,2023-08-18 16:10:00,7,6.0,False,-100.0
6,Jameson Taillon,R,CHC,KCR,4.64,5.5,116.0,0.463,0.321,-0.142,-148.0,0.597,0.679,0.082,0,1,2023-08-18 14:20:00,3,6.0,True,67.57
7,Gavin Williams,R,CLE,DET,4.49,6.5,-134.0,0.573,0.167,-0.406,106.0,0.485,0.833,0.348,0,1,2023-08-18 16:10:00,4,5.0,True,106.0
8,Jose Berrios,R,TOR,CIN,4.79,5.5,-144.0,0.59,0.348,-0.242,112.0,0.472,0.652,0.18,0,1,2023-08-18 18:40:00,8,5.2,False,-100.0
10,Joan Adon,R,WAS,PHI,3.75,4.5,128.0,0.439,0.322,-0.117,-164.0,0.621,0.678,0.057,0,1,2023-08-18 19:05:00,3,4.0,True,60.98
15,Pablo Lopez,R,MIN,PIT,7.64,8.5,118.0,0.459,0.357,-0.102,-150.0,0.6,0.643,0.043,0,1,2023-08-18 20:10:00,7,6.0,True,66.67
17,J.P. France,R,HOU,SEA,4.36,4.5,-164.0,0.621,0.442,-0.179,128.0,0.439,0.558,0.119,0,1,2023-08-18 20:10:00,7,6.0,False,-100.0
18,Michael Kopech,R,CHW,COL,4.86,4.5,-160.0,0.615,0.534,-0.081,126.0,0.442,0.466,0.024,0,1,2023-08-18 20:40:00,1,4.0,True,126.0
20,Kyle Gibson,R,BAL,OAK,4.68,5.5,-134.0,0.573,0.327,-0.246,104.0,0.49,0.673,0.183,0,1,2023-08-18 21:40:00,6,5.0,False,-100.0
21,Brandon Pfaadt,R,ARI,SDP,4.17,4.5,-110.0,0.524,0.405,-0.119,-116.0,0.537,0.595,0.058,0,1,2023-08-18 21:40:00,5,7.0,False,-100.0
22,Seth Lugo,R,SDP,ARI,4.87,5.5,120.0,0.455,0.36,-0.095,-150.0,0.6,0.64,0.04,0,1,2023-08-18 21:40:00,9,6.0,False,-100.0
0,Justin Steele,L,CHC,KCR,5.8,6.5,120.0,0.455,0.362,-0.093,-152.0,0.603,0.638,0.035,0,1,2023-08-19 14:20:00,7,6.0,False,-100.0
3,Framber Valdez,L,HOU,SEA,5.06,6.5,-110.0,0.524,0.247,-0.277,-116.0,0.537,0.753,0.216,0,1,2023-08-19 19:10:00,5,5.0,True,86.21
10,Freddy Peralta,R,MIL,TEX,6.18,6.5,-118.0,0.541,0.423,-0.118,-108.0,0.519,0.577,0.058,0,1,2023-08-19 16:05:00,11,5.2,False,-100.0
12,Jake Irvin,R,WAS,PHI,3.47,4.5,-138.0,0.58,0.269,-0.311,108.0,0.481,0.731,0.25,0,1,2023-08-19 16:05:00,7,6.0,False,-100.0
13,Chris Bassitt,R,TOR,CIN,5.28,6.5,122.0,0.45,0.28,-0.17,-156.0,0.609,0.72,0.111,0,1,2023-08-19 18:40:00,6,6.0,True,64.1
15,Tanner Bibee,R,CLE,DET,4.55,6.5,-138.0,0.58,0.176,-0.404,108.0,0.481,0.824,0.343,0,1,2023-08-19 19:10:00,6,5.0,True,108.0
17,Mitch Keller,R,PIT,MIN,5.87,6.5,120.0,0.455,0.373,-0.082,-152.0,0.603,0.627,0.024,0,1,2023-08-19 19:10:00,12,6.0,False,-100.0
22,Yonny Chirinos,R,ATL,SFG,2.94,3.5,100.0,0.5,0.338,-0.162,-128.0,0.561,0.662,0.101,0,1,2023-08-19 19:20:00,4,4.0,False,-100.0
23,Jesse Scholtens,R,CHW,COL,3.72,3.5,-164.0,0.621,0.509,-0.112,128.0,0.439,0.491,0.052,0,1,2023-08-19 20:10:00,2,3.0,True,128.0
0,Max Fried,L,ATL,SFG,5.1,5.5,-122.0,0.55,0.401,-0.149,-104.0,0.51,0.599,0.089,0,1,2023-08-20 13:35:00,6,5.2,False,-100.0
1,Eduardo Rodriguez,L,DET,CLE,5.13,5.5,-116.0,0.537,0.406,-0.131,-110.0,0.524,0.594,0.07,0,1,2023-08-20 13:40:00,6,6.2,False,-100.0
2,Logan Allen,L,CLE,DET,4.03,5.5,104.0,0.49,0.22,-0.27,-132.0,0.569,0.78,0.211,0,1,2023-08-20 13:40:00,5,6.0,True,75.76
3,JP Sears,L,OAK,BAL,5.17,5.5,-124.0,0.554,0.413,-0.141,-102.0,0.505,0.587,0.082,0,1,2023-08-20 16:07:00,4,4.0,True,98.04
9,Kyle Hendricks,R,CHC,KCR,4.03,4.5,-122.0,0.55,0.377,-0.173,-104.0,0.51,0.623,0.113,0,1,2023-08-20 14:20:00,3,6.1,True,96.15
14,Kyle Bradish,R,BAL,OAK,4.91,6.5,110.0,0.476,0.225,-0.251,-140.0,0.583,0.775,0.192,0,1,2023-08-20 16:07:00,8,6.0,False,-100.0
